Position,Artist,Genre,Lead Streams,Featured streams,Tracks,1b,100m,10m,1m,Update,% Songs Streamed 1Million Times,% Songs Streamed 10Million Times,% Songs Streamed 100Million Times,% Songs Streamed 1Billion Times
1,Drake,Hip-Hop,"45,930,207,058","17,624,649,510",248,6,117,241,244,11.04.22,98%,97%,47%,2%
2,Ed Sheeran,Pop,"35,009,165,977","2,537,534,050",222,10,59,166,200,11.04.22,90%,75%,27%,5%
3,Bad Bunny,Latin Trap,"33,838,992,346","4,440,723,306",141,3,89,134,140,11.04.22,99%,95%,63%,2%
4,The Weeknd,R&B/Soul,"30,759,273,612","3,858,847,246",178,6,69,143,161,11.04.22,90%,80%,39%,3%
5,Ariana Grande,Pop,"30,199,885,343","1,934,573,510",181,5,69,126,175,11.04.22,97%,70%,38%,3%
6,Justin Bieber,Pop,"29,483,883,662","10,391,249,275",222,6,55,169,194,11.04.22,87%,76%,25%,3%
7,Taylor Swift,Country,"27,839,517,025","386,434,032",319,1,76,246,309,11.04.22,97%,77%,24%,0%
8,Eminem,Hip-Hop,"27,803,863,084","3,899,986,002",279,3,60,222,259,11.04.22,93%,80%,22%,1%
9,Post Malone,Hip-Hop,"27,472,535,195","2,285,274,498",82,8,54,65,66,11.04.22,80%,79%,66%,10%
10,BTS,K-Pop,"24,789,404,457","190,636,034",253,1,88,200,253,11.04.22,100%,79%,35%,0%
11,J Balvin,Reggaeton,"24,110,821,085","9,328,411,237",236,2,64,139,217,10.04.22,92%,59%,27%,1%
12,Kanye West,Hip-Hop,"22,791,750,773","5,281,780,276",238,0,59,191,220,10.04.22,92%,80%,25%,0%
13,Billie Eilish,Alternative/Indie pop,"21,436,789,653",0,62,4,41,57,61,11.04.22,98%,92%,66%,6%
14,Juice WRLD,Hip-Hop,"21,084,148,801","3,070,357,742",117,2,57,112,116,07.04.22,99%,96%,49%,2%
15,Coldplay,Alternative/Indie pop,"20,064,349,540","83,951,243",301,4,31,167,277,11.04.22,92%,55%,10%,1%
16,XXXTENTACION,Hip-Hop,"19,953,049,106","2,493,987,810",131,7,42,104,122,11.04.22,93%,79%,32%,5%
17,Ozuna,Reggaeton,"19,838,901,919","7,116,656,020",210,1,49,149,192,09.04.22,91%,71%,23%,0%
18,Khalid,R&B/Soul,"19,690,052,960","2,770,172,523",111,7,39,86,105,08.04.22,95%,77%,35%,6%
19,Dua Lipa,Pop,"19,665,995,562","315,574,672",193,6,33,80,162,11.04.22,84%,41%,17%,3%
20,Imagine Dragons,Alternative/Indie pop,"19,596,416,938","60,704,229",146,4,39,108,128,10.04.22,88%,74%,27%,3%
21,Travis Scott,Hip-Hop,"19,184,512,661","8,976,056,800",112,3,43,90,107,09.04.22,96%,80%,38%,3%
22,Rihanna,Pop,"19,118,212,868","6,448,851,366",273,2,44,110,198,10.04.22,73%,40%,16%,1%
23,Maroon 5,Pop,"18,421,351,446",17,238,5,30,108,195,03.04.22,82%,45%,13%,2%
24,Shawn Mendes,Pop,"17,706,595,827","42,979,744",126,4,33,94,123,11.04.22,98%,75%,26%,3%
25,David Guetta,Dance-pop,"17,301,771,519","1,108,667,832",663,1,44,134,373,03.04.22,56%,20%,7%,0%
26,Bruno Mars,Electronic dance,"16,495,189,532","3,561,604,711",79,5,31,61,75,09.04.22,95%,77%,39%,6%
27,Calvin Harris,Electronic dance,"16,423,757,027","409,710,293",218,3,28,82,174,25.03.22,80%,38%,13%,1%
28,Daddy Yankee,Reggaeton,"16,372,877,051","5,217,399,600",358,3,39,92,226,10.04.22,63%,26%,11%,1%
29,Sam Smith,Pop,"15,908,097,736","267,238,623",139,4,30,81,133,11.04.22,96%,58%,22%,3%
30,Queen,Rock,"15,267,897,543","32,075,239",557,4,23,90,401,11.04.22,72%,16%,4%,1%
31,Kendrick Lamar,Hip-Hop,"15,193,196,132","8,082,462,716",103,1,32,91,97,10.04.22,94%,88%,31%,1%
32,The Chainsmokers,Electronic dance,"14,713,014,424","388,034,092",180,3,25,75,152,10.04.22,84%,42%,14%,2%
33,One Direction,Pop,"14,224,545,475",925,124,0,42,100,116,11.04.22,94%,81%,34%,0%
34,Chris Brown,R&B/Soul,"14,151,255,495","8,078,925,713",396,0,36,187,327,11.04.22,83%,47%,9%,0%
35,Beyoncé,R&B/Soul,"14,014,374,647","1,947,194,545",341,1,34,152,247,11.04.22,72%,45%,10%,0%
36,Future,Hip-Hop,"13,907,376,067","8,519,221,207",461,1,26,207,340,31.03.22,74%,45%,6%,0%
37,Nicki Minaj,Electronic dance,"13,652,515,491","10,387,291,831",165,2,31,113,155,11.04.22,94%,68%,19%,1%
38,Lady Gaga,Dance-pop,"13,569,697,066","88,138,257",306,1,26,105,193,11.04.22,63%,34%,8%,0%
39,J. Cole,Hip-Hop,"13,531,889,166","3,016,205,291",138,1,36,110,136,11.04.22,99%,80%,26%,1%
40,Halsey,Alternative/Indie pop,"13,235,073,985","1,441,182,986",155,3,23,96,129,02.04.22,83%,62%,15%,2%
41,Anuel AA,Reggaeton,"13,141,088,110","4,262,187,013",156,0,32,120,147,03.04.22,94%,77%,21%,0%
42,Selena Gomez,Pop,"13,137,004,075","1,965,183,706",137,3,23,80,123,10.04.22,90%,58%,17%,2%
43,Adele,Pop  Soul,"12,995,508,731","33,812,699",70,3,24,59,69,11.04.22,99%,84%,34%,4%
44,The Beatles,Rock,"12,879,429,104",0,790,0,32,178,445,11.04.22,56%,23%,4%,0%
45,Sia,Electronic dance,"12,764,364,577","4,200,928,972",317,2,25,104,228,08.04.22,72%,33%,8%,1%
46,Maluma,Raggaeton,"12,595,621,404","5,536,045,527",186,0,33,126,179,03.04.22,96%,68%,18%,0%
47,Twenty One Pilots,Alternative Rock,"12,230,092,784",0,90,3,34,74,86,11.04.22,96%,82%,38%,3%
48,Marshmello,Electronic dance,"12,078,260,875","545,955,313",143,4,17,83,133,09.04.22,93%,58%,12%,3%
49,Lil Uzi Vert,Hip-Hop,"11,981,431,319","5,781,096,063",129,1,30,117,128,03.04.22,99%,91%,23%,1%
50,Linkin Park,Alternative Rock,"11,971,854,986","45,680,007",346,2,29,108,278,10.04.22,80%,31%,8%,1%
51,Kygo,Electronic dance,"11,824,039,530","1,083,672,421",102,1,28,85,100,28.03.22,98%,83%,27%,1%
52,Katy Perry,Pop,"11,790,544,283","1,007,321,799",180,0,30,83,141,03.04.22,78%,46%,17%,0%
53,Avicii,progressive house electro house,"11,752,200,960","489,496,761",242,2,18,88,156,10.04.22,64%,36%,7%,1%
54,Farruko,Raggaeton,"11,070,271,437","6,143,025,168",338,0,28,115,283,16.03.22,84%,34%,8%,0%
55,Lana Del Rey,Indie Rock,"10,951,443,262","663,001,142",162,0,31,112,151,11.04.22,93%,69%,19%,0%
56,Camila Cabello,Pop Latin,"10,718,386,609","2,089,988,937",60,2,23,43,49,11.04.22,82%,72%,38%,3%
57,Rauw Alejandro,Latin R&B,"10,553,379,609","1,652,204,158",174,0,30,93,143,11.04.22,82%,53%,17%,0%
58,Jason Derulo,Pop,"10,433,795,943","681,434,209",191,0,27,65,130,10.03.22,68%,34%,14%,0%
59,Red Hot Chili Peppers,Funk Rock,"10,027,640,259",0,264,0,17,114,218,11.04.22,83%,43%,6%,0%
60,Demi Lovato,Pop,"9,924,524,430","1,309,246,187",233,0,23,89,188,08.04.22,81%,38%,10%,0%
61,Arctic Monkeys,Indie Rock,"9,900,617,575","2,358,127",133,1,18,86,133,10.04.22,100%,65%,14%,1%
62,Shakira,Pop,"9,536,364,233","1,118,941,544",230,0,22,84,195,11.04.22,85%,37%,10%,0%
63,Doja Cat,Pop,"9,505,582,577","1,592,396,075",81,1,22,61,75,11.04.22,93%,75%,27%,1%
64,Nicky Jam,Raggaeton,"9,266,294,031","8,492,374,094",228,0,26,86,154,29.01.22,68%,38%,11%,0%
65,KAROL G,Raggaeton,"9,237,439,662","512,966,971",81,1,25,60,76,11.04.22,94%,74%,31%,1%
66,OneRepublic,Pop Rock,"9,218,461,100","207,789,978",165,1,25,74,133,09.04.22,81%,45%,15%,1%
67,Harry Styles,Pop,"9,137,076,671","1,406,135",27,3,24,25,26,11.04.22,96%,93%,89%,11%
68,Miley Cyrus,Country Pop,"9,047,502,329","874,942,915",194,0,16,85,155,11.04.22,80%,44%,8%,0%
69,Martin Garrix,Progressive House,"8,927,125,034","80,422,266",191,2,17,79,147,08.04.22,77%,41%,9%,1%
70,Michael Jackson,Pop,"8,922,110,082","520,593,135",324,1,21,89,233,11.04.22,72%,27%,6%,0%
71,Pitbull,Latin Hip-Hop,"8,729,107,331","2,895,440,544",386,0,21,81,211,02.04.22,55%,21%,5%,0%
72,G-Eazy,Alternative Hip-Hop,"8,571,210,186","2,240,164,193",224,1,15,111,206,28.03.22,92%,50%,7%,0%
73,Sebastian Yatra,Latin Pop,"8,530,882,082","797,132,614",120,0,27,76,107,11.04.22,89%,63%,23%,0%
74,Charlie Puth,Pop,"8,485,914,369","208,834,536",102,3,12,56,88,10.04.22,86%,55%,12%,3%
75,Cardi B,Hip-Hop,"8,477,939,050","5,910,691,996",67,2,18,51,66,11.04.22,99%,76%,27%,3%
76,Panic! At The Disco,Pop Rock,"8,444,996,703","634,974,236",132,1,20,77,124,11.04.22,94%,58%,15%,1%
77,Major Lazer,Electronic dance,"8,424,646,179","582,920,401",262,3,14,67,171,15.03.22,65%,26%,5%,1%
78,Ellie Goulding,Indie Pop,"8,359,706,430","650,088,533",165,1,16,68,131,08.04.22,79%,41%,10%,1%
79,DaBaby,Hip-Hop,"8,344,931,112","4,327,620,794",151,2,18,77,133,15.03.22,88%,51%,12%,1%
80,Lil Wayne,Hip-Hop,"8,339,312,026","13,240,828,020",471,0,19,110,309,10.04.22,66%,23%,4%,0%
81,Young Thug,Hip-Hop,"8,275,335,462","8,722,953,300",360,0,17,129,215,11.04.22,60%,36%,5%,0%
82,Lil Baby,Hip-Hop,"8,234,201,679","7,563,180,732",171,0,19,113,159,03.04.22,93%,66%,11%,0%
83,Wiz Khalifa,Hip-Hop,"8,213,573,291","6,474,435,820",428,1,19,106,298,10.04.22,70%,25%,4%,0%
84,Sech,Latin R&B,"8,168,068,001","2,612,226,125",117,0,22,67,103,04.03.22,88%,57%,19%,0%
85,Mac Miller,Hip-Hop B&B,"8,146,491,606","634,206,678",207,0,17,125,192,11.04.22,93%,60%,8%,0%
86,Pop Smoke,Hip-Hop,"8,114,250,149","823,582,153",98,0,18,79,97,03.04.22,99%,81%,18%,0%
87,21 Savage,Hip-Hop,"8,013,038,173","5,102,666,826",155,0,20,83,125,28.02.22,81%,54%,13%,0%
88,Myke Towers,Latin Raggaeton,"7,957,142,534","4,313,459,699",161,0,24,93,150,01.04.22,93%,58%,15%,0%
89,Metallica,Heavy Metal,"7,936,686,126","5,306,788",814,0,13,105,276,11.04.22,34%,13%,2%,0%
90,Fall Out Boy,Pop Punk,"7,932,097,894","37,238,404",199,0,16,96,164,03.04.22,82%,48%,8%,0%
91,Diplo,Electronic dance,"7,903,388,758","1,678,969,819",370,0,23,86,203,24.03.22,55%,23%,6%,0%
92,Lil Peep,Emo Rap,"7,807,725,799","302,180,931",101,0,21,87,101,09.04.22,100%,86%,21%,0%
93,Migos,Hip-Hop,"7,798,723,581","3,218,601,733",281,0,16,83,186,24.03.22,66%,30%,6%,0%
94,Logic,Hip-Hop,"7,792,057,406","1,797,939,190",163,1,14,121,161,28.03.22,99%,74%,9%,1%
95,Lil Nas X,Pop,"7,710,176,745",0,33,3,11,30,32,02.04.22,97%,91%,33%,9%
96,Tyga,Hip-Hop,"7,707,589,449","3,949,796,361",297,1,19,99,253,28.03.22,85%,33%,6%,0%
97,P!nk,Pop,"7,705,620,044","558,938,547",234,0,21,82,161,10.04.22,69%,35%,9%,0%
98,John Mayer,Rock,"7,690,841,443","478,302,900",197,0,18,117,173,28.03.22,88%,59%,9%,0%
99,Alan Walker,Electro Pop,"7,686,431,970","1,720,072,338",151,1,16,64,121,25.03.22,80%,42%,11%,1%
100,Little Mix,,"7,515,765,784","10,375,540",210,0,19,101,157,03.04.22,75%,48%,9%,0%
101,DJ Snake,,"7,511,968,595","1,885,966,456",143,2,11,51,100,21.03.22,70%,36%,8%,1%
102,ZAYN,,"7,511,901,161","231,225,044",85,3,15,67,84,11.04.22,99%,79%,18%,4%
103,AC/DC,,"7,506,515,129",0,312,0,10,78,240,10.04.22,77%,25%,3%,0%
104,Lauv,,"7,442,990,467","134,651,401",97,1,21,62,90,08.04.22,93%,64%,22%,1%
105,James Arthur,,"7,426,406,129","68,395,640",141,1,13,59,123,24.03.22,87%,42%,9%,1%
106,Trippie Redd,,"7,415,351,877","2,814,781,361",194,0,21,124,177,03.04.22,91%,64%,11%,0%
107,Macklemore,,"7,396,989,553","80,667,258",101,1,13,60,94,28.02.22,93%,59%,13%,1%
108,Olivia Rodrigo,,"7,340,845,148","1,608,264",37,2,12,23,34,11.04.22,92%,62%,32%,5%
109,Zedd,,"7,260,452,941","877,051,404",138,3,13,38,96,24.03.22,70%,28%,9%,2%
110,Kodak Black,,"7,247,769,239","1,665,337,621",232,0,16,85,216,10.04.22,93%,37%,7%,0%
111,A$AP Rocky,,"7,169,188,253","4,858,423,889",97,0,16,70,91,07.04.22,94%,72%,16%,0%
112,Gunna,,"7,163,559,570","4,191,849,661",177,0,13,105,165,03.04.22,93%,59%,7%,0%
113,A Boogie Wit da Hoodie,,"7,092,789,905","3,010,963,795",130,0,16,97,128,11.04.22,98%,75%,12%,0%
114,NF,,"7,063,003,125","127,241,213",81,1,16,81,81,28.03.22,100%,100%,20%,1%
115,5 Seconds of Summer,,"7,055,968,015","497,486,452",162,1,12,96,158,26.03.22,98%,59%,7%,1%
116,Frank Ocean,,"7,029,867,946","2,146,798,898",45,0,21,45,45,11.04.22,100%,100%,47%,0%
117,Bob Marley & The Wailers,,"7,023,048,628","48,398,127",593,0,14,74,351,03.02.22,59%,12%,2%,0%
118,Elton John,,"7,009,556,879","299,423,667",888,0,14,55,247,02.03.22,28%,6%,2%,0%
119,Tiësto,,"6,938,701,862","1,059,062,766",638,0,16,82,302,31.03.22,47%,13%,3%,0%
120,Robin Schulz,,"6,851,000,009","305,414,041",213,0,14,51,143,15.02.22,67%,24%,7%,0%
121,YoungBoy Never Broke Again,,"6,840,882,546","1,182,144,990",373,0,8,167,343,10.04.22,92%,45%,2%,0%
122,Green Day,,"6,811,695,959",475,374,0,12,77,298,07.04.22,80%,21%,3%,0%
123,Metro Boomin,,"6,794,884,040","200,596,396",118,0,16,72,92,22.03.22,78%,61%,14%,0%
124,Bebe Rexha,,"6,777,094,413","3,279,465,832",116,2,14,55,94,01.04.22,81%,47%,12%,2%
125,Romeo Santos,,"6,768,749,936","1,066,912,364",126,0,20,77,103,12.03.22,82%,61%,16%,0%
126,Justin Timberlake,,"6,740,366,076","1,988,041,303",170,1,13,66,112,10.04.22,66%,39%,8%,1%
127,"Tyler, The Creator",,"6,692,975,481","1,338,659,007",153,0,19,92,109,10.04.22,71%,60%,12%,0%
128,DJ Khaled,,"6,686,604,903","183,441,219",166,1,13,61,123,25.03.22,74%,37%,8%,1%
129,Clean Bandit,,"6,606,025,626","23,896,986",163,2,9,39,121,17.03.22,74%,24%,6%,1%
130,Luis Miguel,,"6,579,655,406","1,742,250",312,0,14,116,264,11.04.22,85%,37%,4%,0%
131,Anne-Marie,,"6,544,026,919","764,434,994",130,3,10,42,95,10.04.22,73%,32%,8%,2%
132,Lewis Capaldi,,"6,507,617,673",1,48,2,9,28,44,10.04.22,92%,58%,19%,4%
133,Zara Larsson,,"6,463,765,991","489,779,631",83,2,13,43,77,21.03.22,93%,52%,16%,2%
134,SZA,,"6,412,432,497","2,010,802,282",41,1,18,33,40,10.04.22,98%,80%,44%,2%
135,Black Eyed Peas,,"6,398,081,840","75,552,519",209,0,13,43,122,07.04.22,58%,21%,6%,0%
136,Michael Bublé,,"6,374,520,487","303,793,889",236,0,17,92,187,03.04.22,79%,39%,7%,0%
137,Enrique Iglesias,,"6,342,690,999","322,819,038",282,0,13,70,177,03.04.22,63%,25%,5%,0%
138,Machine Gun Kelly,,"6,324,445,713","919,585,272",135,0,14,94,126,09.04.22,93%,70%,10%,0%
139,Nirvana,,"6,287,795,392",0,298,1,13,56,204,03.04.22,68%,19%,4%,0%
140,Pink Floyd,,"6,277,882,866",0,433,0,11,95,275,29.03.22,64%,22%,3%,0%
141,BLACKPINK,,"6,261,525,837","493,168,424",95,0,19,38,95,11.04.22,100%,40%,20%,0%
142,$uicideboy$,,"6,205,350,803","217,435,436",300,0,10,128,297,01.04.22,99%,43%,3%,0%
143,The Rolling Stones,,"6,203,560,162","6,221,244",1.028,0,13,63,362,11.04.22,35214%,6128%,1265%,0%
144,Ty Dolla $ign,,"6,196,662,164","10,098,794,734",189,0,14,76,160,03.04.22,85%,40%,7%,0%
145,JAY-Z,,"6,136,681,695","5,497,090,277",304,0,10,75,232,23.03.22,76%,25%,3%,0%
146,Flo Rida,,"6,085,922,168","1,623,803,156",228,0,11,42,95,15.02.22,42%,18%,5%,0%
147,Luis Fonsi,,"6,077,523,006","403,055,681",188,2,10,40,119,18.03.22,63%,21%,5%,1%
148,Britney Spears,,"6,063,790,754","602,790,618",291,0,18,57,175,11.04.22,60%,20%,6%,0%
149,blackbear,,"6,045,959,506","1,446,098,810",148,0,11,92,129,17.03.22,87%,62%,7%,0%
150,Marília Mendonça,,"6,021,692,420","1,372,849,784",117,0,22,105,111,09.04.22,95%,90%,19%,0%
151,Jonas Blue,,"5,998,747,209","104,449,221",151,0,9,35,94,23.01.22,62%,23%,6%,0%
152,Guns N' Roses,,"5,964,328,848",17,135,1,10,51,105,08.04.22,78%,38%,7%,1%
153,Russ,,"5,943,776,704","112,071,341",357,0,14,105,244,29.03.22,68%,29%,4%,0%
154,Fleetwood Mac,,"5,935,458,461",525,667,0,11,42,219,21.02.22,33%,6%,2%,0%
155,Anitta,,"5,900,095,190","1,347,036,397",155,0,20,81,143,09.04.22,92%,52%,13%,0%
156,Reik,,"5,848,430,867","295,940,939",167,0,16,71,140,11.03.22,84%,43%,10%,0%
157,Kid Cudi,,"5,815,650,058","1,318,053,851",144,0,10,84,140,03.04.22,97%,58%,7%,0%
158,Banda MS de Sergio Lizárraga,,"5,785,293,431","3,759,460",227,0,18,96,210,06.03.22,93%,42%,8%,0%
159,Bastille,,"5,771,787,802","148,631,109",192,2,10,72,148,28.03.22,77%,38%,5%,1%
160,Childish Gambino,,"5,731,431,769","562,907,561",85,1,12,62,83,06.03.22,98%,73%,14%,1%
161,2Pac,,"5,730,944,312","317,753,853",316,0,15,70,233,10.04.22,74%,22%,5%,0%
162,The Neighbourhood,,"5,693,336,373",349,90,1,11,66,90,24.03.22,100%,73%,12%,1%
163,50 Cent,,"5,639,520,201","2,481,290,890",213,0,14,58,146,10.04.22,69%,27%,7%,0%
164,Polo G,,"5,638,343,072","1,810,078,644",75,0,13,67,74,07.04.22,99%,89%,17%,0%
165,The Kid LAROI,,"5,583,045,467","715,603,644",47,1,15,42,45,07.04.22,96%,89%,32%,2%
166,Gorillaz,,"5,581,944,152","1,247,709",279,0,11,96,194,08.04.22,70%,34%,4%,0%
167,Lorde,,"5,575,419,744","276,182,653",57,0,18,42,51,10.04.22,89%,74%,32%,0%
168,Camilo,,"5,558,966,861","755,693,266",39,0,20,35,38,05.02.22,97%,90%,51%,0%
169,Usher,,"5,540,468,809","3,038,836,304",254,0,15,53,162,11.04.22,64%,21%,6%,0%
170,Becky G,,"5,516,199,409","1,329,510,395",91,0,15,50,89,10.04.22,98%,55%,16%,0%
171,Alessia Cara,,"5,508,240,468","1,570,973,961",137,2,8,40,83,02.04.22,61%,29%,6%,1%
172,Skrillex,,"5,505,509,695","1,565,908,966",145,0,14,69,130,29.01.22,90%,48%,10%,0%
173,David Bowie,,"5,502,693,339","31,481,337",1.307,1,12,59,306,02.04.22,23412%,4514%,918%,77%
174,Jhay Cortez,,"5,483,804,627","805,486,586",80,1,8,46,79,03.04.22,99%,58%,10%,1%
175,Hozier,,"5,465,445,321","5,516,118",70,1,13,43,64,25.03.22,91%,61%,19%,1%
176,Mariah Carey,,"5,462,662,796","369,079,375",642,1,11,65,241,11.04.22,38%,10%,2%,0%
177,Big Sean,,"5,453,016,107","5,809,189,588",151,0,13,69,127,08.03.22,84%,46%,9%,0%
178,Ava Max,,"5,417,458,502","201,429,933",99,1,13,36,70,11.04.22,71%,36%,13%,1%
179,French Montana,,"5,394,407,731","3,312,161,086",636,1,11,53,148,15.03.22,23%,8%,2%,0%
180,Meek Mill,,"5,375,442,379","1,900,943,088",440,0,8,92,192,03.04.22,44%,21%,2%,0%
181,Frank Sinatra,,"5,366,843,348","73,979,058",1.846,0,14,78,322,03.04.22,17443%,4225%,758%,0%
182,Foo Fighters,,"5,305,045,218",24,237,0,11,75,165,10.04.22,70%,32%,5%,0%
183,The Killers,,"5,299,334,194",0,212,1,9,67,142,09.04.22,67%,32%,4%,0%
184,Luke Combs,,"5,183,194,117","136,969,698",56,0,15,55,56,27.03.22,100%,98%,27%,0%
185,blink-182,,"5,171,804,027","59,291,510",184,0,10,90,174,03.04.22,95%,49%,5%,0%
186,Tory Lanez,,"5,166,603,428","2,499,335,847",232,0,12,83,199,02.04.22,86%,36%,5%,0%
187,U2,,"5,115,326,766","276,258,422",514,0,7,77,290,30.03.22,56%,15%,1%,0%
188,Led Zeppelin,,"5,106,324,900",0,239,0,11,62,191,07.04.22,80%,26%,5%,0%
189,Meghan Trainor,,"5,102,242,843","982,700,745",138,0,11,53,112,01.04.22,81%,38%,8%,0%
190,Daft Punk,,"5,100,369,423","3,097,016,524",190,0,9,74,139,22.03.22,73%,39%,5%,0%
191,Radiohead,,"5,093,670,775","1,893,476",234,0,8,91,199,26.02.22,85%,39%,3%,0%
192,John Legend,,"5,051,571,136","2,282,127,719",246,1,6,63,187,17.02.22,76%,26%,2%,0%
193,Manuel Turizo,,"5,049,889,244","2,072,308,763",62,0,15,45,61,15.03.22,98%,73%,24%,0%
194,Roddy Ricch,,"4,992,040,536","3,006,056,874",57,1,14,35,56,16.03.22,98%,61%,25%,2%
195,Rae Sremmurd,,"4,974,455,451","526,902,012",60,0,12,42,59,30.03.22,98%,70%,20%,0%
196,Rita Ora,,"4,947,510,462","693,329,484",128,0,13,39,85,02.04.22,66%,30%,10%,0%
197,System Of A Down,,"4,914,276,934",417,84,0,9,68,78,10.04.22,93%,81%,11%,0%
198,Playboi Carti,,"4,894,535,530","1,561,821,806",82,0,11,64,72,10.04.22,88%,78%,13%,0%
199,Joji,,"4,891,769,766","653,941,398",50,0,14,41,50,10.04.22,100%,82%,28%,0%
200,The 1975,,"4,886,818,913","145,762,020",132,0,13,75,129,29.03.22,98%,57%,10%,0%
201,Jorge & Mateus,,"4,873,823,162","1,027,297,711",257,0,9,95,244,07.04.22,95%,37%,4%,0%
202,Mumford & Sons,,"4,853,570,014","16,462,023",121,0,10,66,111,28.03.22,92%,55%,8%,0%
203,Troye Sivan,,"4,824,626,257","824,568,480",102,0,12,54,84,26.01.22,82%,53%,12%,0%
204,Jack Johnson,,"4,823,640,035","29,651,509",178,0,7,80,164,03.04.22,92%,45%,4%,0%
205,Muse,,"4,822,015,557",0,245,0,11,86,179,10.04.22,73%,35%,4%,0%
206,Elvis Presley,,"4,802,861,729","5,000,211",1.944,0,8,73,360,27.02.22,18519%,3755%,412%,0%
207,Snoop Dogg,,"4,802,642,451","5,654,075,604",732,0,10,56,269,09.03.22,37%,8%,1%,0%
208,6ix9ine,,"4,802,033,247","1,073,147,696",57,0,16,35,52,11.04.22,91%,61%,28%,0%
209,Gucci Mane,,"4,798,788,897","4,481,259,838",2.168,0,5,76,301,06.02.22,13884%,3506%,231%,0%
210,The Notorious B.I.G.,,"4,743,892,517","636,871,632",178,0,10,53,121,09.03.22,68%,30%,6%,0%
211,Bazzi,,"4,734,399,866","60,889,785",37,0,12,32,37,03.04.22,100%,86%,32%,0%
212,Don Omar,,"4,717,673,391","1,777,908,052",234,0,12,53,121,24.03.22,52%,23%,5%,0%
213,Paramore,,"4,662,552,028",538,113,0,10,67,100,09.04.22,88%,59%,9%,0%
214,Swae Lee,,"4,650,122,350","5,421,397,904",57,1,10,31,54,01.04.22,95%,54%,18%,2%
215,Paulo Londra,,"4,648,248,854","109,824,555",30,0,13,29,30,11.04.22,100%,97%,43%,0%
216,Felix Jaehn,,"4,628,771,785","188,370,625",166,1,11,35,95,15.03.22,57%,21%,7%,1%
217,Christian Nodal,,"4,622,776,903","340,332,467",62,0,13,50,62,30.03.22,100%,81%,21%,0%
218,Bon Jovi,,"4,600,378,208","1,275,883",325,0,9,42,185,09.04.22,57%,13%,3%,0%
219,Hailee Steinfeld,,"4,589,558,265","614,118,425",29,1,10,18,27,24.03.22,93%,62%,34%,3%
220,Melanie Martinez,,"4,586,574,236","3,859,344",56,0,16,42,55,10.04.22,98%,75%,29%,0%
221,Slipknot,,"4,567,848,818",0,206,0,10,70,174,29.03.22,84%,34%,5%,0%
222,Megan Thee Stallion,,"4,566,174,291","1,218,895,485",117,1,11,45,96,11.04.22,82%,38%,9%,1%
223,Henrique & Juliano,,"4,559,712,376","753,449,671",166,0,12,106,158,27.03.22,95%,64%,7%,0%
224,Christina Aguilera,,"4,555,078,258","2,399,631,670",273,0,11,56,161,09.02.22,59%,21%,4%,0%
225,Labrinth,,"4,549,190,078","369,860,683",126,0,13,41,92,01.03.22,73%,33%,10%,0%
226,Dalex,,"4,544,402,526","1,265,738,776",121,0,15,42,96,08.04.22,79%,35%,12%,0%
227,Oasis,,"4,531,611,186",1,237,1,6,48,179,10.04.22,76%,20%,3%,0%
228,Tame Impala,,"4,522,505,933","150,167,569",98,0,11,58,84,23.03.22,86%,59%,11%,0%
229,The Lumineers,,"4,510,863,778",0,82,0,8,51,77,09.04.22,94%,62%,10%,0%
230,Julia Michaels,,"4,498,276,283","1,605,475,809",65,1,7,38,62,24.03.22,95%,58%,11%,2%
231,Sean Paul,,"4,442,462,794","3,670,801,643",407,0,10,44,158,09.03.22,39%,11%,2%,0%
232,Cheat Codes,,"4,423,437,528","292,171,387",144,0,7,41,85,08.03.22,59%,28%,5%,0%
233,Ne-Yo,,"4,422,556,439","1,939,416,230",190,0,11,34,133,10.02.22,70%,18%,6%,0%
234,Alicia Keys,,"4,416,228,314","1,264,655,349",250,0,7,54,169,07.04.22,68%,22%,3%,0%
235,Jess Glynne,,"4,416,221,515","474,186,612",83,0,10,32,61,03.02.22,73%,39%,12%,0%
236,Disclosure,,"4,408,977,764","23,748,409",182,0,7,53,123,01.03.22,68%,29%,4%,0%
237,Justin Quiles,,"4,405,501,639","3,806,893,938",157,0,10,64,122,27.02.22,78%,41%,6%,0%
238,Florida Georgia Line,,"4,397,195,900","2,376,994,644",128,0,14,65,98,10.04.22,77%,51%,11%,0%
239,Kings of Leon,,"4,370,537,072","1,417,643",121,0,6,68,107,11.04.22,88%,56%,5%,0%
240,Gusttavo Lima,,"4,363,435,455","775,043,373",284,0,8,100,221,26.03.22,78%,35%,3%,0%
241,TWICE,,"4,343,162,915","34,274,006",204,0,12,82,177,11.04.22,87%,40%,6%,0%
242,Tove Lo,,"4,334,803,620","1,317,174,119",136,0,7,63,105,09.04.22,77%,46%,5%,0%
243,Fifth Harmony,,"4,327,594,950","181,476,156",75,1,7,46,75,03.04.22,100%,61%,9%,1%
244,Zion & Lennox,,"4,309,995,534","2,731,830,437",153,0,11,44,87,15.03.22,57%,29%,7%,0%
245,6LACK,,"4,299,166,574","842,640,704",78,0,10,60,77,12.03.22,99%,77%,13%,0%
246,Chance the Rapper,,"4,290,538,168","4,055,460,023",101,0,12,48,85,13.03.22,84%,48%,12%,0%
247,Luke Bryan,,"4,288,920,529","470,518,094",158,0,15,62,131,31.03.22,83%,39%,9%,0%
248,Alesso,,"4,284,275,257","130,725,478",123,0,9,37,91,11.04.22,74%,30%,7%,0%
249,Natti Natasha,,"4,264,233,032","1,728,176,387",93,0,9,42,71,10.04.22,76%,45%,10%,0%
250,The Script,,"4,250,201,734","1,311,120",98,0,7,51,86,24.03.22,88%,52%,7%,0%
251,ABBA,,"4,241,503,684",29,160,0,10,52,139,05.03.22,87%,33%,6%,0%
252,Morgan Wallen,,"4,233,018,031","367,351,042",58,0,11,58,58,07.04.22,100%,100%,19%,0%
253,Five Finger Death Punch,,"4,222,383,645",0,136,0,8,88,132,06.03.22,97%,65%,6%,0%
254,Madonna,,"4,222,199,425","129,956,047",724,0,7,68,320,11.04.22,44%,9%,1%,0%
255,Zé Neto & Cristiano,,"4,221,145,261","497,595,884",169,0,12,82,148,08.04.22,88%,49%,7%,0%
256,Jason Mraz,,"4,207,246,125","93,202,208",240,1,6,48,154,05.03.22,64%,20%,3%,0%
257,Florence + The Machine,,"4,205,825,596",312,138,0,8,77,127,07.04.22,92%,56%,6%,0%
258,Galantis,,"4,189,406,344","78,683,393",234,0,8,51,152,03.04.22,65%,22%,3%,0%
259,Morat,,"4,185,875,702","385,764,813",70,0,11,59,69,11.04.22,99%,84%,16%,0%
260,Creedence Clearwater Revival,,"4,159,996,209",0,130,0,8,35,109,22.03.22,84%,27%,6%,0%
261,Piso 21,,"4,159,992,612","59,739,592",81,0,11,30,70,15.01.22,86%,37%,14%,0%
262,Nickelback,,"4,155,481,128","3,896,172",149,0,12,55,105,09.04.22,70%,37%,8%,0%
263,Whitney Houston,,"4,138,412,884","11,987,913",294,0,9,39,142,11.04.22,48%,13%,3%,0%
264,Glee Cast,,"4,120,130,390",0,723,0,0,97,606,24.02.22,84%,13%,0%,0%
265,Bruce Springsteen,,"4,118,954,973","39,600,529",785,0,10,56,381,24.03.22,49%,7%,1%,0%
266,Alok,,"4,104,472,257","220,199,654",195,0,12,63,121,21.02.22,62%,32%,6%,0%
267,Lenny Tavárez,,"4,081,327,351","3,477,276,520",93,0,9,47,85,14.03.22,91%,51%,10%,0%
268,Kevin Gates,,"4,066,585,990","658,700,819",293,0,6,106,216,15.03.22,74%,36%,2%,0%
269,Kehlani,,"4,061,666,101","1,916,002,618",111,0,10,74,99,22.03.22,89%,67%,9%,0%
270,Rammstein,,"4,054,152,318","3,560,083",231,0,10,76,171,12.03.22,74%,33%,4%,0%
271,Avril Lavigne,,"4,044,257,340","22,253,510",147,0,11,59,115,24.03.22,78%,40%,7%,0%
272,Niall Horan,,"4,027,382,321","432,614,519",70,0,11,38,65,10.04.22,93%,54%,16%,0%
273,Macklemore & Ryan Lewis,,"4,022,288,754",0,48,1,6,29,48,15.03.22,100%,60%,13%,2%
274,Jack Harlow,,"4,020,079,266","242,389,591",83,1,7,36,79,10.04.22,95%,43%,8%,1%
275,Jonas Brothers,,"4,008,239,293","479,458,782",95,1,9,37,88,10.03.22,93%,39%,9%,1%
276,My Chemical Romance,,"4,003,887,551",0,134,0,10,53,116,19.02.22,87%,40%,7%,0%
277,Arcangel,,"3,992,087,813","4,560,194,472",238,0,8,54,190,04.03.22,80%,23%,3%,0%
278,Kane Brown,,"3,988,923,813","25,296,252",95,0,9,53,86,13.02.22,91%,56%,9%,0%
279,Bryson Tiller,,"3,969,069,576","1,961,089,305",68,0,7,50,66,08.03.22,97%,74%,10%,0%
280,Capital Bra,,"3,962,800,255","552,397,439",257,0,7,84,188,22.03.22,73%,33%,3%,0%
281,Lil Pump,,"3,959,622,575","479,747,828",69,0,10,38,54,15.03.22,78%,55%,14%,0%
282,Bring Me The Horizon,,"3,956,689,223","2,955,562",139,0,11,65,133,08.04.22,96%,47%,8%,0%
283,Alejandro Fernández,,"3,952,068,045","309,180,885",313,0,9,70,235,09.04.22,75%,22%,3%,0%
284,Kelly Clarkson,,"3,950,359,627","216,498,878",322,0,8,41,143,08.04.22,44%,13%,2%,0%
285,Wisin,,"3,918,901,607","4,941,792,286",115,0,10,40,96,17.03.22,83%,35%,9%,0%
286,Vance Joy,,"3,912,369,230",0,74,1,7,36,59,26.03.22,80%,49%,9%,1%
287,Ryan Lewis,,"3,896,682,000","42,960,372",33,1,6,28,32,15.03.22,97%,85%,18%,3%
288,Thomas Rhett,,"3,883,703,770","96,524,246",109,0,14,53,100,10.04.22,92%,49%,13%,0%
289,Johnny Cash,,"3,868,696,126","147,659,166",1.591,0,7,60,256,21.03.22,16091%,3771%,440%,0%
290,NAV,,"3,864,890,544","1,916,197,264",113,0,10,70,113,10.04.22,100%,62%,9%,0%
291,Jennifer Lopez,,"3,846,493,269","1,022,591,886",236,0,10,49,127,10.04.22,54%,21%,4%,0%
292,James Bay,,"3,840,880,987","4,096,808",78,0,9,40,67,25.03.22,86%,51%,12%,0%
293,Lil Tjay,,"3,833,725,578","1,740,661,969",64,0,10,51,64,03.04.22,100%,80%,16%,0%
294,YG,,"3,807,380,178","2,392,087,229",197,0,8,70,134,01.03.22,68%,36%,4%,0%
295,YNW Melly,,"3,785,606,447","339,301,648",82,0,9,34,79,08.04.22,96%,41%,11%,0%
296,Amy Winehouse,,"3,784,601,812","237,622,443",159,0,7,52,92,29.03.22,58%,33%,4%,0%
297,Stevie Wonder,,"3,781,370,780","269,119,367",603,0,9,47,153,16.02.22,25%,8%,1%,0%
298,Pearl Jam,,"3,779,149,589","1,609,889",1.69,0,9,54,240,15.03.22,14201%,3195%,533%,0%
299,Duki,,"3,765,968,579","822,447,264",138,0,10,60,126,03.04.22,91%,43%,7%,0%
300,Lil Tecca,,"3,756,285,404","269,171,750",74,0,8,41,74,03.04.22,100%,55%,11%,0%
301,Disturbed,,"3,751,691,983",0,170,0,6,68,145,09.02.22,85%,40%,4%,0%
302,Hans Zimmer,,"3,749,609,183","27,020,966",1.492,0,3,78,518,15.03.22,34718%,5228%,201%,0%
303,Aerosmith,,"3,745,227,775",0,284,0,8,31,152,17.02.22,54%,11%,3%,0%
304,Glass Animals,,"3,737,375,994","3,915,552",97,1,5,44,77,11.04.22,79%,45%,5%,1%
305,Lil Skies,,"3,732,360,925","748,067,580",58,0,9,46,57,10.04.22,98%,79%,16%,0%
306,Dr. Dre,,"3,728,870,632","2,028,152,932",91,0,8,30,85,10.03.22,93%,33%,9%,0%
307,Flume,,"3,722,679,455","62,719,484",128,0,8,54,118,25.03.22,92%,42%,6%,0%
308,Miguel,,"3,707,744,077","2,134,371,760",139,0,8,49,112,30.03.22,81%,35%,6%,0%
309,Tones And I,,"3,697,594,279","3,959,517",30,1,5,15,24,09.04.22,80%,50%,17%,3%
310,Nio Garcia,,"3,653,940,107","130,432,338",121,0,7,30,94,23.03.22,78%,25%,6%,0%
311,Backstreet Boys,,"3,652,908,638","183,394,836",134,0,8,39,124,10.04.22,93%,29%,6%,0%
312,Wisin & Yandel,,"3,638,651,571","1,018,983,101",289,0,10,47,137,21.03.22,47%,16%,3%,0%
313,Maná,,"3,638,463,998","48,077,310",220,0,10,51,149,01.03.22,68%,23%,5%,0%
314,Kesha,,"3,629,467,638","1,810,626,925",139,0,9,39,104,10.04.22,75%,28%,6%,0%
315,Phil Collins,,"3,552,999,942","114,571,424",337,0,9,38,151,09.04.22,45%,11%,3%,0%
316,Akon,,"3,538,482,630","3,202,621,129",206,0,9,34,111,10.04.22,54%,17%,4%,0%
317,Jason Aldean,,"3,527,119,305","140,753,012",156,0,8,62,145,28.03.22,93%,40%,5%,0%
318,Three Days Grace,,"3,482,156,443",683,87,0,8,59,84,10.04.22,97%,68%,9%,0%
319,Jeremih,,"3,476,869,433","3,113,656,502",139,0,8,34,92,15.03.22,66%,24%,6%,0%
320,Matheus & Kauan,,"3,466,311,609","589,565,820",163,0,8,74,152,08.03.22,93%,45%,5%,0%
321,Eagles,,"3,462,448,327",0,192,1,5,38,115,24.03.22,60%,20%,3%,1%
322,Dan + Shay,,"3,451,481,240","23,323,384",72,0,9,41,67,15.03.22,93%,57%,13%,0%
323,Yandel,,"3,438,503,187","2,193,497,804",173,0,8,52,141,11.01.22,82%,30%,5%,0%
324,24kGoldn,,"3,435,666,563","149,080,986",58,1,7,21,53,03.04.22,91%,36%,12%,2%
325,Avenged Sevenfold,,"3,425,797,988","2,962,919",163,0,9,64,136,30.03.22,83%,39%,6%,0%
326,Billy Joel,,"3,423,083,488","8,315,314",413,0,9,38,142,16.02.22,34%,9%,2%,0%
327,The Strokes,,"3,420,301,721","2,441,088",82,0,6,65,73,08.04.22,89%,79%,7%,0%
328,The Offspring,,"3,413,454,637",0,158,0,7,46,128,25.03.22,81%,29%,4%,0%
329,Wesley Safadão,,"3,397,230,098","563,697,075",279,0,5,59,254,07.03.22,91%,21%,2%,0%
330,Steve Aoki,,"3,394,815,739","1,437,847,167",412,0,6,64,215,19.03.22,52%,16%,1%,0%
331,Prince Royce,,"3,376,926,461","1,308,005,802",124,0,9,54,113,29.01.22,91%,44%,7%,0%
332,George Ezra,,"3,373,420,855",36,62,0,7,35,53,17.03.22,85%,56%,11%,0%
333,Jul,,"3,368,614,373","1,049,482,206",547,0,0,76,523,08.04.22,96%,14%,0%,0%
334,Lin-Manuel Miranda,,"3,357,127,015","204,907,472",94,0,12,39,75,02.03.22,80%,41%,13%,0%
335,Lil Mosey,,"3,348,210,594","464,721,415",47,1,5,34,47,21.03.22,100%,72%,11%,2%
336,Jessie J,,"3,348,178,219","60,774,261",117,1,6,33,97,10.04.22,83%,28%,5%,1%
337,Céline Dion,,"3,345,983,596","47,392,351",493,0,9,57,245,10.04.22,50%,12%,2%,0%
338,Ninho,,"3,341,951,465","1,411,862,147",149,0,4,104,130,09.04.22,87%,70%,3%,0%
339,benny blanco,,"3,337,797,101","14,573,101",20,1,6,12,19,15.03.22,95%,60%,30%,5%
340,Anderson .Paak,,"3,326,060,812","1,136,859,034",149,0,5,70,117,02.04.22,79%,47%,3%,0%
341,Aventura,,"3,311,972,637",273,133,0,10,41,107,24.01.22,80%,31%,8%,0%
342,2 Chainz,,"3,311,231,138","8,520,192,061",409,0,7,53,171,03.04.22,42%,13%,2%,0%
343,Alejandro Sanz,,"3,305,109,516","537,301,977",377,0,6,51,206,07.03.22,55%,14%,2%,0%
344,Ricardo Arjona,,"3,282,208,125","8,487,580",341,0,3,69,264,15.03.22,77%,20%,1%,0%
345,Calibre 50,,"3,278,282,846","82,028,793",227,0,7,71,168,01.03.22,74%,31%,3%,0%
346,Ricky Martin,,"3,277,273,361","413,110,710",268,0,8,49,135,09.04.22,50%,18%,3%,0%
347,H.E.R.,,"3,265,378,260","448,090,865",101,0,7,56,93,02.04.22,92%,55%,7%,0%
348,Lukas Graham,,"3,253,196,453","165,247,216",66,1,3,27,55,15.03.22,83%,41%,5%,2%
349,Lizzo,,"3,244,144,083","51,927,638",65,0,7,25,50,08.04.22,77%,38%,11%,0%
350,Trey Songz,,"3,233,181,980","1,364,945,269",269,0,7,57,184,09.04.22,68%,21%,3%,0%
351,CNCO,,"3,219,511,018","230,120,914",80,0,6,44,69,10.04.22,86%,55%,8%,0%
352,Cartel De Santa,,"3,216,731,726","211,822,080",136,0,7,61,126,06.03.22,93%,45%,5%,0%
353,Mark Ronson,,"3,216,017,652","1,156,162,195",150,1,4,24,81,27.02.22,54%,16%,3%,1%
354,Don Toliver,,"3,210,820,381","579,262,615",66,0,5,33,58,10.03.22,88%,50%,8%,0%
355,Passenger,,"3,207,979,391","1,910,286",217,1,2,44,180,17.02.22,83%,20%,1%,0%
356,Pentatonix,,"3,188,929,665","4,293,645",200,0,2,97,177,04.03.22,89%,49%,1%,0%
357,Foster The People,,"3,184,094,350","31,256,951",98,1,7,36,74,25.02.22,76%,37%,7%,1%
358,Train,,"3,177,452,504",46,172,0,8,20,84,25.02.22,49%,12%,5%,0%
359,Pablo Alborán,,"3,175,409,734","217,073,910",172,0,8,61,160,31.03.22,93%,35%,5%,0%
360,Marc Anthony,,"3,158,590,284","1,647,865,677",197,0,7,58,140,11.03.22,71%,29%,4%,0%
361,Arijit Singh,,"3,147,906,708","738,215,685",484,0,3,84,230,27.02.22,48%,17%,1%,0%
362,Daniel Caesar,,"3,114,399,368","1,168,367,943",38,0,7,35,36,05.03.22,95%,92%,18%,0%
363,Fetty Wap,,"3,105,020,211","1,590,944,007",138,0,7,35,86,15.03.22,62%,25%,5%,0%
364,Bob Dylan,,"3,093,919,809",214,1.227,0,6,42,304,09.03.22,24776%,3423%,489%,0%
365,Rex Orange County,,"3,091,147,000","327,262,384",57,0,7,35,55,07.04.22,96%,61%,12%,0%
366,Dire Straits,,"3,070,697,148",0,102,0,5,43,97,08.04.22,95%,42%,5%,0%
367,Bee Gees,,"3,048,970,940","57,639,921",445,0,5,35,108,09.04.22,24%,8%,1%,0%
368,James Blunt,,"3,047,515,159","18,114,638",170,0,6,43,107,25.02.22,63%,25%,4%,0%
369,Maiara & Maraisa,,"3,045,781,561","669,905,955",153,0,10,61,148,31.03.22,97%,40%,7%,0%
370,Bryan Adams,,"3,043,973,361","142,303,846",386,0,7,34,129,26.03.22,33%,9%,2%,0%
371,Lil Durk,,"3,037,042,966","2,627,058,035",319,0,2,61,232,03.04.22,73%,19%,1%,0%
372,Lost Frequencies,,"3,035,321,272","255,851,697",417,0,7,26,124,17.02.22,30%,6%,2%,0%
373,Quavo,,"3,032,997,222","9,543,931,963",80,0,7,43,66,03.04.22,83%,54%,9%,0%
374,R3HAB,,"3,021,016,637","1,262,702,976",301,0,4,64,203,16.02.22,67%,21%,1%,0%
375,Jeremy Zucker,,"3,018,495,077","142,295,256",96,0,7,37,86,08.04.22,90%,39%,7%,0%
376,Alec Benjamin,,"3,016,113,741","6,373,342",34,1,7,31,34,10.04.22,100%,91%,21%,3%
377,Boyce Avenue,,"3,013,798,499",176,438,0,2,70,345,04.03.22,79%,16%,0%,0%
378,ScHoolboy Q,,"3,009,909,162","1,577,235,787",88,0,8,48,84,25.03.22,95%,55%,9%,0%
379,Ski Mask The Slump God,,"3,003,127,128","1,060,149,934",71,0,7,43,70,01.04.22,99%,61%,10%,0%
380,John Williams,,"3,002,647,601","10,623,185",2.42,0,2,39,358,15.03.22,14793%,1612%,83%,0%
381,Måneskin,,"2,990,300,974","3,372,953",31,0,6,28,29,11.04.22,94%,90%,19%,0%
382,Outkast,,"2,968,851,170","107,773,025",225,0,5,26,127,15.03.22,56%,12%,2%,0%
383,Bizarrap,,"2,956,263,350","440,918,962",83,0,7,57,82,10.04.22,99%,69%,8%,0%
384,ROSALÍA,,"2,947,357,490","1,700,465,476",52,0,6,33,52,11.04.22,100%,63%,12%,0%
385,LANY,,"2,945,519,486","272,497,148",84,0,8,56,80,15.03.22,95%,67%,10%,0%
386,Sam Hunt,,"2,940,660,923","20,722,494",60,0,8,33,55,23.01.22,92%,55%,13%,0%
387,PARTYNEXTDOOR,,"2,939,827,455","1,775,279,725",80,0,8,48,79,05.02.22,99%,60%,10%,0%
388,Danny Ocean,,"2,935,339,872","186,131,163",57,1,6,24,42,01.04.22,74%,42%,11%,2%
389,Disney,,"2,929,593,793",712,356,0,9,29,182,25.02.22,51%,8%,3%,0%
390,Jhené Aiko,,"2,923,715,198","2,506,683,365",113,0,7,65,93,09.04.22,82%,58%,6%,0%
391,Cage The Elephant,,"2,922,215,689",0,107,0,5,42,83,28.03.22,78%,39%,5%,0%
392,Rels B,,"2,914,410,971","93,884,396",105,0,5,68,97,31.03.22,92%,65%,5%,0%
393,Offset,,"2,914,353,921","5,413,833,639",46,0,7,28,35,26.03.22,76%,61%,15%,0%
394,Charli XCX,,"2,907,444,303","1,314,001,967",197,0,8,45,130,02.03.22,66%,23%,4%,0%
395,Dean Lewis,,"2,903,655,994","1,712,279",40,1,6,25,36,21.02.22,90%,63%,15%,3%
396,Liam Payne,,"2,891,432,081","16,649,072",51,0,7,17,39,10.04.22,76%,33%,14%,0%
397,Hillsong Worship,,"2,886,291,597",0,847,0,3,72,322,28.03.22,38%,9%,0%,0%
398,Sigala,,"2,880,097,855","50,716,650",103,0,9,31,72,31.01.22,70%,30%,9%,0%
399,Conan Gray,,"2,879,943,163",0,26,0,6,26,26,11.04.22,100%,100%,23%,0%
400,ILLENIUM,,"2,871,199,116","151,241,879",206,0,4,56,148,16.03.22,72%,27%,2%,0%
401,Nelly,,"2,870,134,429","641,905,638",208,0,8,28,90,14.01.22,43%,13%,4%,0%
402,Summer Walker,,"2,869,130,145","877,961,145",87,0,7,56,74,29.03.22,85%,64%,8%,0%
403,The Vamps,,"2,864,306,647",0,147,0,8,36,115,31.03.22,78%,24%,5%,0%
404,alt-J,,"2,849,176,993","1,169,421",146,0,7,39,93,15.02.22,64%,27%,5%,0%
405,Rudimental,,"2,844,040,533","19,915,054",188,0,6,30,112,28.08.21,60%,16%,3%,0%
406,Blake Shelton,,"2,843,428,181","246,000,758",200,0,8,43,128,18.03.22,64%,22%,4%,0%
407,BROCKHAMPTON,,"2,840,585,690","1,043,877",112,0,4,67,109,25.02.22,97%,60%,4%,0%
408,Lil Yachty,,"2,839,598,250","4,748,532,522",178,0,6,52,151,22.03.22,85%,29%,3%,0%
409,Bibi Blocksberg,,"2,837,917,009",105,5.069,0,0,1,507,27.02.22,10002%,20%,0%,0%
410,Marvin Gaye,,"2,834,639,150","38,468,834",718,0,7,24,111,31.12.21,15%,3%,1%,0%
411,Mike Posner,,"2,830,127,088","282,151,382",179,1,4,20,69,03.04.22,39%,11%,2%,1%
412,The Police,,"2,817,744,034",80,123,1,5,18,84,24.02.22,68%,15%,4%,1%
413,Jax Jones,,"2,800,287,993","313,190,229",83,0,11,20,52,08.04.22,63%,24%,13%,0%
414,Iron Maiden,,"2,799,609,745",0,425,0,5,46,268,26.03.22,63%,11%,1%,0%
415,The Black Keys,,"2,797,692,996",0,189,0,5,53,136,25.03.22,72%,28%,3%,0%
416,Armin van Buuren,,"2,795,922,270","189,205,318",2.179,0,4,43,288,04.09.21,13217%,1973%,184%,0%
417,Zac Brown Band,,"2,790,718,796","10,921,224",141,0,6,46,108,27.12.21,77%,33%,4%,0%
418,Rise Against,,"2,779,404,268",3,180,0,4,51,166,29.03.22,92%,28%,2%,0%
419,Carlos Vives,,"2,778,295,879","205,270,008",266,0,6,36,144,07.01.22,54%,14%,2%,0%
420,Bon Iver,,"2,770,728,013","938,556,559",45,0,6,37,42,22.03.22,93%,82%,13%,0%
421,Juanes,,"2,754,729,408","1,863,681,229",201,0,7,34,116,28.03.22,58%,17%,3%,0%
422,A$AP Ferg,,"2,752,987,100","1,352,077,445",97,0,6,46,90,07.04.22,93%,47%,6%,0%
423,Skillet,,"2,746,916,180",0,195,0,7,46,113,05.02.22,58%,24%,4%,0%
424,Maren Morris,,"2,743,973,922","519,703,626",69,1,6,24,50,25.03.22,72%,35%,9%,1%
425,Birdy,,"2,742,086,678","85,459,177",106,0,7,38,90,11.04.22,85%,36%,7%,0%
426,Destiny's Child,,"2,741,533,523","17,218,122",186,0,8,19,86,18.03.22,46%,10%,4%,0%
427,Chris Stapleton,,"2,730,206,844","610,690,719",60,0,7,45,59,19.03.22,98%,75%,12%,0%
428,Soda Stereo,,"2,716,861,805",8,198,0,4,52,173,29.03.22,87%,26%,2%,0%
429,Tate McRae,,"2,712,453,216","4,156,480",42,0,6,30,40,10.04.22,95%,71%,14%,0%
430,Madison Beer,,"2,710,963,314","144,948,403",52,0,11,26,45,28.03.22,87%,50%,21%,0%
431,The Doors,,"2,710,207,896","29,087,815",715,0,7,45,139,18.03.22,19%,6%,1%,0%
432,JP Cooper,,"2,709,357,752","81,186,532",130,0,4,29,91,16.02.22,70%,22%,3%,0%
433,Papa Roach,,"2,706,532,270","43,162,358",236,0,4,42,150,10.04.22,64%,18%,2%,0%
434,Tim McGraw,,"2,705,527,493","59,202,906",284,0,5,54,130,06.02.22,46%,19%,2%,0%
435,Carly Rae Jepsen,,"2,701,503,833","62,128,390",137,0,5,31,99,10.04.22,72%,23%,4%,0%
436,EXO,,"2,700,818,518","4,752,962",313,0,7,58,166,01.03.22,53%,19%,2%,0%
437,Lunay,,"2,700,083,117","799,166,376",56,0,6,29,52,25.03.22,93%,52%,11%,0%
438,Why Don't We,,"2,700,059,226","87,886,458",95,0,8,53,81,22.03.22,85%,56%,8%,0%
439,Bradley Cooper,,"2,666,104,022",368,12,1,4,10,10,09.04.22,83%,83%,33%,8%
440,The Cure,,"2,660,147,954","1,258,218",544,0,6,25,174,03.04.22,32%,5%,1%,0%
441,Becky Hill,,"2,656,432,422","21,196,025",173,0,9,23,71,24.03.22,41%,13%,5%,0%
442,Os Barões Da Pisadinha,,"2,650,781,861","52,743,215",154,0,7,66,129,13.03.22,84%,43%,5%,0%
443,Mau y Ricky,,"2,644,781,291","253,177,587",65,0,5,35,63,05.02.22,97%,54%,8%,0%
444,Mabel,,"2,642,764,243","5,382,783",130,0,6,21,75,14.03.22,58%,16%,5%,0%
445,Weezer,,"2,636,294,980","5,060,398",258,0,4,45,190,16.02.22,74%,17%,2%,0%
446,Korn,,"2,628,293,170","8,909,521",292,0,5,46,200,28.02.22,68%,16%,2%,0%
447,SAINt JHN,,"2,623,951,753","120,384,180",54,1,3,32,53,21.02.22,98%,59%,6%,2%
448,Kali Uchis,,"2,613,490,072","1,457,775,255",65,0,4,48,61,11.04.22,94%,74%,6%,0%
449,Noah Cyrus,,"2,612,906,391","118,338,579",65,0,6,28,59,11.04.22,91%,43%,9%,0%
450,Calum Scott,,"2,604,637,385","30,699,559",66,0,6,19,54,25.12.21,82%,29%,9%,0%
451,T.I.,,"2,600,518,493","2,416,362,779",451,0,6,39,201,16.01.22,45%,9%,1%,0%
452,RAF Camora,,"2,588,846,229","996,321,149",387,0,3,58,141,13.01.22,36%,15%,1%,0%
453,Iggy Azalea,,"2,585,049,303","1,070,833,065",108,0,6,28,69,10.04.22,64%,26%,6%,0%
454,MEDUZA,,"2,582,637,100","9,395,439",55,0,4,11,32,15.03.22,58%,20%,7%,0%
455,Joan Sebastian,,"2,582,480,480","35,962,481",487,0,5,46,264,06.01.22,54%,9%,1%,0%
456,NLE Choppa,,"2,581,704,514","542,407,565",117,0,5,38,92,20.02.22,79%,32%,4%,0%
457,Paul McCartney,,"2,581,251,127","381,393,000",821,0,3,25,174,10.04.22,21%,3%,0%,0%
458,Journey,,"2,579,814,615",4,265,1,5,17,87,26.01.22,33%,6%,2%,0%
459,iann dior,,"2,568,052,953","512,357,562",67,0,8,39,53,21.01.22,79%,58%,12%,0%
460,Grupo Firme,,"2,562,887,333","457,301,788",161,0,6,51,115,19.02.22,71%,32%,4%,0%
461,Eric Church,,"2,557,769,261","271,051,795",286,0,4,49,115,11.02.22,40%,17%,1%,0%
462,Norah Jones,,"2,544,654,511","124,686,297",271,0,4,57,144,10.03.22,53%,21%,1%,0%
463,Juan Gabriel,,"2,538,927,985","98,418,039",481,0,2,56,232,07.01.22,48%,12%,0%,0%
464,Jesse & Joy,,"2,538,558,703","328,906,057",110,0,9,37,89,06.03.22,81%,34%,8%,0%
465,Vicente Fernández,,"2,537,133,599","96,262,577",851,0,1,54,317,01.03.22,37%,6%,0%,0%
466,MARINA,,"2,533,712,431","9,142,211",119,0,6,50,92,10.04.22,77%,42%,5%,0%
467,Kenny Chesney,,"2,525,550,972","150,869,102",277,0,3,49,184,06.02.22,66%,18%,1%,0%
468,Depeche Mode,,"2,521,393,833",0,689,0,3,39,267,18.03.22,39%,6%,0%,0%
469,Normani,,"2,503,197,119","100,508,766",16,0,4,13,16,09.04.22,100%,81%,25%,0%
470,Simon & Garfunkel,,"2,502,816,034",0,172,0,5,24,121,25.03.22,70%,14%,3%,0%
471,Aminé,,"2,493,613,158","148,599,248",72,0,4,38,71,06.03.22,99%,53%,6%,0%
472,Imanbek,,"2,492,412,088","24,538,988",53,1,3,19,41,01.03.22,77%,36%,6%,2%
473,The Game,,"2,492,313,888","570,383,861",736,0,6,39,204,11.04.22,28%,5%,1%,0%
474,PNL,,"2,491,153,666",0,72,0,2,66,72,08.03.22,100%,92%,3%,0%
475,Breaking Benjamin,,"2,487,834,376",0,102,0,4,56,97,07.04.22,95%,55%,4%,0%
476,Nick Jonas,,"2,487,713,592","52,551,336",94,0,8,27,74,10.03.22,79%,29%,9%,0%
477,Bonez MC,,"2,485,467,469","1,525,177,458",160,0,4,55,114,24.02.22,71%,34%,3%,0%
478,The Beach Boys,,"2,483,316,679","7,223,306",1.308,0,7,27,131,08.04.22,10015%,2064%,535%,0%
479,X Ambassadors,,"2,463,808,578","1,148,252,462",119,0,4,33,87,24.02.22,73%,28%,3%,0%
480,George Michael,,"2,462,361,017","21,698,795",183,0,4,31,119,03.04.22,65%,17%,2%,0%
481,The xx,,"2,446,382,290","9,161,558",76,0,5,38,65,23.02.22,86%,50%,7%,0%
482,KHEA,,"2,434,306,319","801,331,684",79,0,6,41,76,11.04.22,96%,52%,8%,0%
483,bbno$,,"2,429,258,945","226,578,394",146,0,2,39,120,09.04.22,82%,27%,1%,0%
484,Sabrina Carpenter,,"2,427,409,809","141,623,493",89,0,7,38,77,25.02.22,87%,43%,8%,0%
485,Christina Perri,,"2,427,118,735","87,851,996",90,1,3,17,56,20.02.22,62%,19%,3%,1%
486,Hillsong UNITED,,"2,426,520,824","129,624,148",354,0,2,56,236,04.02.22,67%,16%,1%,0%
487,Stray Kids,,"2,425,652,269","26,562,755",161,0,3,77,155,11.04.22,96%,48%,2%,0%
488,AJR,,"2,419,616,080","97,180,270",86,0,5,39,61,24.02.22,71%,45%,6%,0%
489,Jon Bellion,,"2,413,481,606","318,703,495",84,0,3,44,80,02.02.22,95%,52%,4%,0%
490,R.E.M.,,"2,409,236,484",285,657,0,5,20,127,21.03.22,19%,3%,1%,0%
491,Matoma,,"2,406,213,160","294,439,049",118,0,5,32,79,16.01.22,67%,27%,4%,0%
492,Rich The Kid,,"2,394,040,011","1,720,811,383",156,0,4,41,118,21.11.21,76%,26%,3%,0%
493,Ufo361,,"2,388,012,925","544,661,156",234,0,0,67,188,15.01.22,80%,29%,0%,0%
494,"Earth, Wind & Fire",,"2,383,853,016","89,300,089",428,1,3,20,70,16.03.22,16%,5%,1%,0%
495,Jimi Hendrix,,"2,383,848,304",559,504,0,5,29,136,23.03.22,27%,6%,1%,0%
496,La Arrolladora Banda El Limón De Rene Camacho,,"2,377,937,424","8,659,502",323,0,3,56,219,29.03.21,68%,17%,1%,0%
497,Los Ángeles Azules,,"2,372,052,568","67,465,206",311,0,5,53,113,19.10.21,36%,17%,2%,0%
498,Volbeat,,"2,371,741,552",176,204,0,5,50,146,02.02.22,72%,25%,2%,0%
499,Milky Chance,,"2,369,013,421","6,559,564",74,0,4,32,69,07.03.22,93%,43%,5%,0%
500,C. Tangana,,"2,363,044,873","154,739,971",80,0,6,45,78,03.04.22,98%,56%,8%,0%
501,Stormzy,,"2,348,844,516","955,819,202",69,0,7,49,67,03.04.22,97%,71%,10%,0%
502,KYLE,,"2,337,472,881","150,489,057",113,0,5,31,88,17.03.22,78%,27%,4%,0%
503,Van Morrison,,"2,329,889,907","82,580,169",847,0,4,21,129,03.04.22,15%,2%,0%,0%
504,Years & Years,,"2,323,577,791","80,163,208",103,0,7,30,72,28.01.22,70%,29%,7%,0%
505,Robbie Williams,,"2,318,889,755","20,059,538",401,0,6,38,189,19.02.22,47%,9%,1%,0%
506,Cali Y El Dandee,,"2,318,006,464","196,117,163",73,0,7,35,62,05.03.22,85%,48%,10%,0%
507,Sam Feldt,,"2,316,428,982","278,689,842",148,0,4,44,101,22.04.21,68%,30%,3%,0%
508,The Fray,,"2,311,899,224","4,251,361",98,0,5,22,60,24.02.22,61%,22%,5%,0%
509,El Alfa,,"2,302,041,489","482,098,652",174,0,7,40,119,31.01.22,68%,23%,4%,0%
510,Lynyrd Skynyrd,,"2,298,163,165",406,363,0,4,16,78,08.04.22,21%,4%,1%,0%
511,Eric Clapton,,"2,297,376,676","432,236,066",641,0,6,23,201,22.09.21,31%,4%,1%,0%
512,Rick Ross,,"2,296,030,012","4,384,956,598",334,0,4,45,190,27.12.21,57%,13%,1%,0%
513,Kid Ink,,"2,294,713,265","2,561,501,342",186,0,5,38,130,03.09.21,70%,20%,3%,0%
514,Dave,,"2,293,940,303","113,934,353",60,0,6,48,59,07.04.22,98%,80%,10%,0%
515,DNCE,,"2,280,705,753","299,693,378",32,1,4,18,32,10.03.22,100%,56%,13%,3%
516,Shinedown,,"2,278,456,555",0,177,0,4,50,119,11.03.22,67%,28%,2%,0%
517,Dimitri Vegas & Like Mike,,"2,269,766,636","105,236,190",252,0,2,52,135,12.08.21,54%,21%,1%,0%
518,All Time Low,,"2,268,594,714","1,324,192",210,0,2,47,167,02.02.22,80%,22%,1%,0%
519,Dermot Kennedy,,"2,256,439,059",0,71,0,4,35,60,14.01.22,85%,49%,6%,0%
520,T-Pain,,"2,255,856,235","2,489,989,607",213,0,6,28,111,30.12.21,52%,13%,3%,0%
521,Quinn XCII,,"2,251,586,862","149,711,825",85,0,5,50,85,03.04.22,100%,59%,6%,0%
522,Daryl Hall & John Oates,,"2,248,379,526",28,534,0,4,12,59,18.03.22,11%,2%,1%,0%
523,Rage Against The Machine,,"2,240,466,587",0,108,0,5,29,78,20.03.22,72%,27%,5%,0%
524,The Smiths,,"2,238,779,634",0,139,0,6,44,105,10.03.22,76%,32%,4%,0%
525,Grey,,"2,237,009,771","17,803,531",52,1,2,7,21,29.03.21,40%,13%,4%,2%
526,The Cranberries,,"2,233,333,549",0,264,0,4,20,118,13.03.22,45%,8%,2%,0%
527,Of Monsters and Men,,"2,227,479,760","3,184,766",60,0,5,30,53,15.03.22,88%,50%,8%,0%
528,The White Stripes,,"2,227,472,321",0,172,1,3,23,112,08.04.22,65%,13%,2%,1%
529,Nelly Furtado,,"2,226,023,162","260,384,916",211,0,6,14,60,10.04.22,28%,7%,3%,0%
530,MGMT,,"2,217,337,837","948,562,022",86,0,4,20,60,28.03.22,70%,23%,5%,0%
531,B.o.B,,"2,216,408,358","1,126,272,007",417,0,6,22,79,13.10.21,19%,5%,1%,0%
532,Samra,,"2,215,292,639","248,937,810",104,0,3,51,104,03.12.21,100%,49%,3%,0%
533,Van Halen,,"2,212,816,619",24,207,0,5,24,112,20.03.22,54%,12%,2%,0%
534,Black Sabbath,,"2,210,927,460",39,285,0,3,33,116,21.03.22,41%,12%,1%,0%
535,Jay Wheeler,,"2,210,664,793","423,021,998",120,0,2,34,93,10.04.22,78%,28%,2%,0%
536,Aya Nakamura,,"2,209,797,645","141,594,046",67,0,5,35,67,11.04.22,100%,52%,7%,0%
537,Hollywood Undead,,"2,207,129,936","16,132,977",139,0,3,68,127,16.02.22,91%,49%,2%,0%
538,Rag'n'Bone Man,,"2,206,539,916","73,176,907",132,0,3,27,77,27.12.21,58%,20%,2%,0%
539,Plan B,,"2,187,196,071","479,769,714",112,0,7,26,67,24.02.22,60%,23%,6%,0%
540,Rod Stewart,,"2,182,635,836","463,377,854",722,0,4,37,209,24.03.22,29%,5%,1%,0%
541,Brytiago,,"2,179,695,592","1,892,731,514",80,0,5,36,73,02.04.22,91%,45%,6%,0%
542,Sabaton,,"2,179,577,108",0,290,0,1,67,162,16.03.22,56%,23%,0%,0%
543,Prince,,"2,173,931,040","3,278,548",836,0,4,32,173,03.04.22,21%,4%,0%,0%
544,A Day To Remember,,"2,169,682,450",0,134,0,3,56,124,19.01.22,93%,42%,2%,0%
545,Keith Urban,,"2,168,896,929","331,984,245",192,0,6,36,111,27.01.22,58%,19%,3%,0%
546,Pedro Capó,,"2,162,955,807","155,480,546",72,0,5,14,42,07.03.22,58%,19%,7%,0%
547,Red Velvet,,"2,160,611,552","13,091,912",135,0,6,30,115,10.04.22,85%,22%,4%,0%
548,Enya,,"2,157,676,586","25,132,121",145,0,4,55,129,10.04.22,89%,38%,3%,0%
549,TINI,,"2,155,234,587","283,424,335",67,0,7,30,60,11.04.22,90%,45%,10%,0%
550,Kodaline,,"2,153,097,303","269,854,537",123,0,4,31,84,14.02.22,68%,25%,3%,0%
551,Maria Becerra,,"2,148,242,558","318,831,002",37,0,3,27,37,11.04.22,100%,73%,8%,0%
552,PnB Rock,,"2,147,508,965","1,743,992,790",114,0,5,35,87,26.03.22,76%,31%,4%,0%
553,Clairo,,"2,141,415,867","693,940,847",25,0,7,25,25,07.04.22,100%,100%,28%,0%
554,Andy Grammer,,"2,141,212,145","4,624,318",76,0,5,26,70,15.12.21,92%,34%,7%,0%
555,Damso,,"2,134,331,477","614,346,511",91,0,1,73,89,09.03.22,98%,80%,1%,0%
556,Rod Wave,,"2,133,371,352","57,299,377",112,0,3,54,110,28.03.22,98%,48%,3%,0%
557,Juan Magán,,"2,132,723,236","770,831,049",225,0,5,40,105,19.07.21,47%,18%,2%,0%
558,ODESZA,,"2,130,566,617","123,721,529",160,0,3,50,128,03.04.22,80%,31%,2%,0%
559,RAYE,,"2,127,403,345","554,374,909",89,0,4,28,60,28.03.22,67%,31%,4%,0%
560,Mustard,,"2,126,748,759","1,862,695,034",75,0,4,18,54,15.03.22,72%,24%,5%,0%
561,Evanescence,,"2,126,237,677",27,110,0,3,29,91,31.03.22,83%,26%,3%,0%
562,Aretha Franklin,,"2,125,906,398","8,642,344",932,0,4,27,133,09.04.22,14%,3%,0%,0%
563,Ludovico Einaudi,,"2,116,061,503","2,128,695",507,0,3,38,221,29.06.21,44%,7%,1%,0%
564,Carrie Underwood,,"2,113,151,398","356,522,108",159,0,3,36,116,05.03.22,73%,23%,2%,0%
565,Casper Magico,,"2,112,052,946","169,816,074",94,0,5,20,68,13.01.22,72%,21%,5%,0%
566,De La Ghetto,,"2,111,451,367","2,229,899,939",155,0,5,35,93,02.02.22,60%,23%,3%,0%
567,El Fantasma,,"2,111,084,372","49,559,351",203,0,5,52,153,04.03.22,75%,26%,2%,0%
568,Sfera Ebbasta,,"2,107,409,857","972,396,850",81,0,1,58,80,17.01.22,99%,72%,1%,0%
569,Topic,,"2,105,970,904","9,678,575",95,0,2,20,51,01.02.22,54%,21%,2%,0%
570,Joyner Lucas,,"2,104,734,498","700,864,423",88,0,6,38,82,11.04.22,93%,43%,7%,0%
571,Sublime,,"2,089,096,025",122,219,0,5,27,115,01.01.22,53%,12%,2%,0%
572,George Strait,,"2,086,250,690","30,245,826",444,0,2,44,201,03.03.22,45%,10%,0%,0%
573,Goodboys,,"2,076,198,598","4,410,508",41,0,4,8,20,15.03.22,49%,20%,10%,0%
574,Shaggy,,"2,076,084,987","458,526,064",412,0,5,23,95,03.01.22,23%,6%,1%,0%
575,Carlos Rivera,,"2,072,690,234","503,472,671",205,0,5,42,143,25.03.22,70%,20%,2%,0%
576,Nas,,"2,071,833,272","828,777,448",341,0,4,41,196,02.04.22,57%,12%,1%,0%
577,Scorpions,,"2,061,875,918",0,354,0,4,19,159,03.04.22,45%,5%,1%,0%
578,GIMS,,"2,059,425,846","258,300,714",175,0,2,45,149,02.12.21,85%,26%,1%,0%
579,Melendi,,"2,052,653,246","115,834,448",213,0,2,51,192,15.12.21,90%,24%,1%,0%
580,Sum 41,,"2,052,154,060","5,834,184",127,0,5,33,96,10.04.22,76%,26%,4%,0%
581,WALK THE MOON,,"2,046,847,925","101,590,178",97,1,3,24,53,03.02.22,55%,25%,3%,1%
582,Bing Crosby,,"2,046,327,740","8,324,686",1.277,0,7,27,74,15.03.22,5795%,2114%,548%,0%
583,Ozzy Osbourne,,"2,046,223,075","60,324,633",218,0,3,22,126,01.04.22,58%,10%,1%,0%
584,Axwell /\ Ingrosso,,"2,043,412,175","2,161,352",47,0,4,17,38,03.07.21,81%,36%,9%,0%
585,TOTO,,"2,027,598,148","2,940,202",394,1,3,10,75,20.06.21,19%,3%,1%,0%
586,Ali Gatie,,"2,024,800,965","2,210,144",42,0,4,19,39,15.03.22,93%,45%,10%,0%
587,Luan Santana,,"2,023,576,048","235,275,039",201,0,3,41,155,10.04.22,77%,20%,1%,0%
588,MC Kevinho,,"2,017,633,840","285,797,796",72,0,4,33,58,09.03.22,81%,46%,6%,0%
589,Astrid S,,"2,016,205,787","120,608,284",103,0,5,36,79,14.03.22,77%,35%,5%,0%
590,José José,,"2,012,694,054","119,887,461",525,0,1,48,177,07.01.22,34%,9%,0%,0%
591,Nacho,,"2,011,469,241","133,218,579",146,0,6,24,58,11.04.22,40%,16%,4%,0%
592,Two Door Cinema Club,,"2,011,041,561","1,884,704",140,0,4,30,89,03.04.22,64%,21%,3%,0%
593,Marilyn Manson,,"2,006,159,206","51,705,649",227,0,4,33,175,20.02.22,77%,15%,2%,0%
594,SEVENTEEN,,"1,997,992,910",0,135,0,1,69,130,11.04.22,96%,51%,1%,0%
595,Don Diablo,,"1,994,189,382","100,923,748",238,0,1,56,125,03.11.21,53%,24%,0%,0%
596,Natanael Cano,,"1,991,265,507","193,699,213",117,0,3,41,107,27.03.22,91%,35%,3%,0%
597,League of Legends,,"1,991,123,083","1,480,221,711",457,0,6,26,109,10.04.22,24%,6%,1%,0%
598,Ella Mai,,"1,987,800,591","302,745,447",39,0,6,34,37,01.04.22,95%,87%,15%,0%
599,Seeb,,"1,982,875,398","2,958,214,318",110,0,5,24,59,15.03.22,54%,22%,5%,0%
600,Wale,,"1,979,397,963","1,403,267,422",335,0,4,37,152,15.03.22,45%,11%,1%,0%
601,Sido,,"1,978,652,010","490,506,888",365,0,2,48,181,01.03.22,50%,13%,1%,0%
602,The Smashing Pumpkins,,"1,976,724,675","8,272,897",252,0,7,23,97,12.03.22,38%,9%,3%,0%
603,Aitana,,"1,975,913,405","10,889,372",70,0,7,31,67,11.04.22,96%,44%,10%,0%
604,Dolly Parton,,"1,969,439,494","166,034,414",979,0,4,18,148,31.03.22,15%,2%,0%,0%
605,Afrojack,,"1,967,609,231","1,660,093,295",349,0,2,36,134,08.04.22,38%,10%,1%,0%
606,Danna Paola,,"1,965,483,771","494,381,378",106,0,6,31,69,27.01.22,65%,29%,6%,0%
607,Louis Tomlinson,,"1,957,614,665",0,42,0,4,20,29,10.04.22,69%,48%,10%,0%
608,Bibi und Tina,,"1,951,141,273","22,746,305",3.428,0,0,1,354,09.10.21,10327%,29%,0%,0%
609,Zoé,,"1,949,172,154","10,870,475",194,0,6,43,117,05.01.22,60%,22%,3%,0%
610,Jorja Smith,,"1,946,965,318","410,621,512",77,0,4,39,62,29.12.21,81%,51%,5%,0%
611,Tainy,,"1,946,553,010","1,251,603,662",39,0,3,13,29,01.10.21,74%,33%,8%,0%
612,Swedish House Mafia,,"1,945,912,424","4,805,509",37,0,6,17,31,10.02.22,84%,46%,16%,0%
613,Electric Light Orchestra,,"1,944,015,683",659,311,0,3,20,128,15.03.22,41%,6%,1%,0%
614,Banda El Recodo,,"1,942,297,629","1,995,244",608,0,2,49,190,03.03.22,31%,8%,0%,0%
615,Luciano,,"1,942,248,023","346,398,056",148,0,0,57,118,03.12.21,80%,39%,0%,0%
616,Marco Antonio Solís,,"1,941,685,957","631,393,495",211,0,4,40,159,08.03.22,75%,19%,2%,0%
617,Bryant Myers,,"1,938,711,275","1,857,271,122",97,0,4,44,87,14.11.21,90%,45%,4%,0%
618,Tom Odell,,"1,936,063,808","42,555,708",125,0,3,23,72,03.04.22,58%,18%,2%,0%
619,Jaden,,"1,934,433,832","1,384,531,005",110,0,2,40,101,19.03.22,92%,36%,2%,0%
620,Arizona Zervas,,"1,932,876,803","27,172,275",32,1,2,15,32,10.03.22,100%,47%,6%,3%
621,Colbie Caillat,,"1,931,641,969","110,299,398",104,0,3,18,89,04.01.22,86%,17%,3%,0%
622,Portugal. The Man,,"1,926,556,559","47,772,393",192,1,1,28,89,15.03.22,46%,15%,1%,1%
623,Rascal Flatts,,"1,926,354,766","51,561,061",248,0,4,28,114,17.01.22,46%,11%,2%,0%
624,Mac DeMarco,,"1,922,941,798","60,238,699",149,0,4,36,108,07.03.22,72%,24%,3%,0%
625,R. Kelly,,"1,919,567,818","387,404,906",364,0,2,30,199,04.03.22,55%,8%,1%,0%
626,Kacey Musgraves,,"1,919,537,985","129,122,216",126,0,3,40,93,10.04.22,74%,32%,2%,0%
627,gnash,,"1,915,854,995","271,054,469",76,1,2,23,60,03.09.21,79%,30%,3%,1%
628,Lord Huron,,"1,915,787,838",0,74,0,3,23,68,21.02.22,92%,31%,4%,0%
629,Martin Jensen,,"1,914,722,449","284,446,578",77,0,3,21,51,14.01.22,66%,27%,4%,0%
630,Ms. Lauryn Hill,,"1,913,865,460","306,989,233",89,0,5,26,56,08.04.22,63%,29%,6%,0%
631,Desiigner,,"1,907,206,771","531,800,277",54,1,2,14,41,28.03.22,76%,26%,4%,2%
632,Joel Corry,,"1,904,425,741","14,825,088",138,0,5,12,51,04.01.22,37%,9%,4%,0%
633,Hardwell,,"1,904,378,051","239,216,545",412,0,0,45,157,04.09.21,38%,11%,0%,0%
634,Kontra K,,"1,904,257,145","186,214,476",291,0,0,51,170,03.12.21,58%,18%,0%,0%
635,The Clash,,"1,903,714,941",0,237,0,3,22,93,28.03.22,39%,9%,1%,0%
636,Annie Lennox,,"1,901,440,821","9,362,643",322,0,3,21,83,31.03.22,26%,7%,1%,0%
637,M83,,"1,889,813,177","15,945,776",237,0,3,21,112,22.03.22,47%,9%,1%,0%
638,Noriel,,"1,885,777,977","1,351,914,726",93,0,3,35,83,08.04.22,89%,38%,3%,0%
639,David Bisbal,,"1,881,444,956","352,838,218",246,0,4,31,122,07.01.22,50%,13%,2%,0%
640,Mike WiLL Made-It,,"1,878,607,489","300,670,285",141,0,5,29,69,10.01.22,49%,21%,4%,0%
641,Jessie Reyez,,"1,868,120,640","484,095,993",61,0,3,25,54,31.03.22,89%,41%,5%,0%
642,Apache 207,,"1,867,832,748","119,315,494",46,0,5,35,46,01.03.22,100%,76%,11%,0%
643,Westlife,,"1,865,228,319",26,231,0,3,38,146,03.04.22,63%,16%,1%,0%
644,Leon Bridges,,"1,863,905,131","726,770,730",77,0,5,38,72,03.03.22,94%,49%,6%,0%
645,Vampire Weekend,,"1,863,899,849",0,74,0,2,45,67,22.03.22,91%,61%,3%,0%
646,3 Doors Down,,"1,855,326,422",587,145,0,3,17,102,30.10.21,70%,12%,2%,0%
647,The Kooks,,"1,853,336,184",0,241,0,5,28,96,03.02.22,40%,12%,2%,0%
648,DMX,,"1,853,167,052","246,922,698",303,0,4,23,97,10.04.22,32%,8%,1%,0%
649,Elevation Worship,,"1,853,026,743","18,125,174",254,0,2,42,182,28.03.22,72%,17%,1%,0%
650,Thirty Seconds To Mars,,"1,852,351,162","46,868,219",84,0,4,34,75,03.04.22,89%,40%,5%,0%
651,Eladio Carrion,,"1,852,333,972","233,257,296",139,0,4,47,128,30.03.22,92%,34%,3%,0%
652,Sara Bareilles,,"1,846,574,683","74,016,418",187,0,5,22,108,05.11.21,58%,12%,3%,0%
653,NEFFEX,,"1,844,515,118",575,194,0,3,36,177,01.04.22,91%,19%,2%,0%
654,Cosculluela,,"1,840,429,838","985,988,184",132,0,4,26,92,09.02.22,70%,20%,3%,0%
655,Stromae,,"1,840,011,145","57,961,427",55,0,4,25,47,08.04.22,85%,45%,7%,0%
656,OMI,,"1,839,084,521","126,088,476",45,1,2,7,26,28.03.22,58%,16%,4%,2%
657,MØ,,"1,836,988,128","3,240,131,189",118,0,4,31,82,02.01.22,69%,26%,3%,0%
658,Loud Luxury,,"1,836,236,296","38,153,803",136,0,2,22,43,15.03.22,32%,16%,1%,0%
659,Alan Jackson,,"1,834,172,525","75,453,285",274,0,2,37,156,21.11.21,57%,14%,1%,0%
660,Wham!,,"1,833,450,660",829,36,0,2,10,29,19.03.22,81%,28%,6%,0%
661,Feid,,"1,831,035,911","2,084,138,968",127,0,2,37,91,29.03.22,72%,29%,2%,0%
662,Joey Bada$$,,"1,830,254,128","678,683,208",112,0,3,44,91,05.02.22,81%,39%,3%,0%
663,KISS,,"1,827,390,409",0,436,0,4,18,138,24.11.21,32%,4%,1%,0%
664,Chief Keef,,"1,827,381,564","562,943,815",555,0,5,24,193,29.03.22,35%,4%,1%,0%
665,Mitski,,"1,825,719,799","17,844,850",73,0,4,42,72,11.04.22,99%,58%,5%,0%
666,Fergie,,"1,824,083,843","176,011,407",78,0,6,10,45,15.10.21,58%,13%,8%,0%
667,Owl City,,"1,820,788,847","88,320,464",109,0,2,26,103,15.02.22,94%,24%,2%,0%
668,Moneybagg Yo,,"1,818,492,899","1,024,657,167",252,0,0,48,187,03.02.22,74%,19%,0%,0%
669,Chencho Corleone,,"1,818,143,513","903,717,432",20,0,6,15,19,24.03.22,95%,75%,30%,0%
670,Bethel Music,,"1,817,317,476",0,285,0,0,43,240,30.09.21,84%,15%,0%,0%
671,Queens of the Stone Age,,"1,816,426,350","61,605,797",139,0,4,42,108,08.04.22,78%,30%,3%,0%
672,Olly Murs,,"1,815,075,932","27,584,815",179,0,4,23,112,26.02.22,63%,13%,2%,0%
673,Ha*Ash,,"1,814,961,321","438,924,791",126,0,3,37,91,03.04.22,72%,29%,2%,0%
674,Gwen Stefani,,"1,809,551,478","997,025,249",98,0,4,17,66,10.04.22,67%,17%,4%,0%
675,Nekfeu,,"1,808,355,794","470,164,273",96,0,0,65,89,10.03.22,93%,68%,0%,0%
676,Stefflon Don,,"1,792,910,721","311,307,007",82,0,6,22,61,02.02.22,74%,27%,7%,0%
677,Pharrell Williams,,"1,784,741,140","5,864,509,754",109,0,2,21,60,12.01.22,55%,19%,2%,0%
678,Snow Patrol,,"1,783,252,110",0,191,0,2,22,98,12.03.22,51%,12%,1%,0%
679,Internet Money,,"1,782,822,946","303,493,350",42,0,4,12,26,15.02.22,62%,29%,10%,0%
680,Nat King Cole,,"1,781,637,457","7,968,288",1.06,0,3,31,116,01.04.22,10943%,2925%,283%,0%
681,Chelsea Cutler,,"1,781,068,821","471,785,136",94,0,4,32,82,22.03.22,87%,34%,4%,0%
682,Louis Armstrong,,"1,779,970,682","15,887,031",2.256,0,4,23,137,01.04.22,6073%,1020%,177%,0%
683,Conor Maynard,,"1,777,787,665","345,172,688",134,0,3,37,90,14.03.22,67%,28%,2%,0%
684,Dilsinho,,"1,777,181,192","355,244,058",163,0,5,35,131,10.03.22,80%,21%,3%,0%
685,Aloe Blacc,,"1,775,884,212","229,455,652",208,0,4,21,64,21.11.21,31%,10%,2%,0%
686,Ciara,,"1,771,793,452","464,651,309",155,0,4,23,88,02.04.22,57%,15%,3%,0%
687,Keane,,"1,771,563,290",586,195,0,2,24,104,12.02.22,53%,12%,1%,0%
688,Dean Martin,,"1,771,305,531","10,481,374",695,0,4,26,123,15.03.22,18%,4%,1%,0%
689,Willy William,,"1,764,613,431","325,335,993",81,1,3,11,27,02.12.21,33%,14%,4%,1%
690,Mötley Crüe,,"1,758,730,268",0,226,0,5,24,92,26.03.22,41%,11%,2%,0%
691,Ruth B.,,"1,758,693,981","4,485,138",48,0,4,13,32,09.04.22,67%,27%,8%,0%
692,Ella Fitzgerald,,"1,754,908,032","11,682,691",2.016,0,2,28,170,15.03.22,8433%,1389%,99%,0%
693,Denzel Curry,,"1,753,094,571","473,144,329",131,0,3,43,108,03.04.22,82%,33%,2%,0%
694,James TW,,"1,749,161,120","4,791,069",37,0,5,19,34,07.01.22,92%,51%,14%,0%
695,Dierks Bentley,,"1,749,093,368","159,991,408",150,0,5,25,87,17.01.22,58%,17%,3%,0%
696,Lady A,,"1,747,368,203","132,831,554",228,0,4,26,129,28.03.22,57%,11%,2%,0%
697,Charlie Brown Jr.,,"1,742,181,493","36,908,530",278,0,2,32,178,09.02.22,64%,12%,1%,0%
698,Sting,,"1,741,255,191","248,484,612",483,0,3,23,199,08.04.22,41%,5%,1%,0%
699,MAX,,"1,740,761,040","135,760,965",141,0,4,26,79,10.02.22,56%,18%,3%,0%
700,Regard,,"1,736,446,486",0,37,0,4,9,24,23.01.22,65%,24%,11%,0%
701,The Jackson 5,,"1,729,731,106","2,315,535",342,0,5,12,48,11.04.22,14%,4%,1%,0%
702,Limp Bizkit,,"1,729,420,743","2,809,309",114,0,5,21,93,22.02.21,82%,18%,4%,0%
703,Thalia,,"1,728,798,743","313,525,281",305,0,2,30,125,11.04.22,41%,10%,1%,0%
704,WILLOW,,"1,728,057,678","249,932,356",76,0,3,16,69,02.04.22,91%,21%,4%,0%
705,Leona Lewis,,"1,716,925,991","52,026,118",134,0,4,17,75,10.04.22,56%,13%,3%,0%
706,Sleeping At Last,,"1,715,283,824",91,275,0,3,37,162,30.07.21,59%,13%,1%,0%
707,Blueface,,"1,715,014,251","553,380,455",94,0,4,27,74,20.02.22,79%,29%,4%,0%
708,Kelly Rowland,,"1,714,072,094","761,721,964",146,0,3,15,53,30.12.21,36%,10%,2%,0%
709,La Oreja de Van Gogh,,"1,712,667,458","58,832,697",182,0,2,39,161,08.02.22,88%,21%,1%,0%
710,ANAVITÓRIA,,"1,711,969,685","233,230,840",72,0,3,41,69,09.04.22,96%,57%,4%,0%
711,Martin Solveig,,"1,709,991,280","1,344,396",245,0,5,17,64,03.04.22,26%,7%,2%,0%
712,Old Dominion,,"1,708,290,952","2,380,424",85,0,7,26,57,10.03.22,67%,31%,8%,0%
713,Dynoro,,"1,704,509,405",361,17,1,3,9,16,15.03.22,94%,53%,18%,6%
714,Booba,,"1,704,427,997","632,823,707",240,0,0,48,194,02.01.22,81%,20%,0%,0%
715,Bill Withers,,"1,703,855,893","76,369,166",120,0,4,10,62,22.01.22,52%,8%,3%,0%
716,Miranda Lambert,,"1,700,675,664","185,262,557",195,0,4,30,155,11.04.22,79%,15%,2%,0%
717,Oliver Heldens,,"1,699,980,311","244,515,307",139,0,3,36,95,15.03.22,68%,26%,2%,0%
718,John Newman,,"1,694,415,482","366,104,452",90,0,3,14,59,28.01.22,66%,16%,3%,0%
719,Lofi Fruits Music,,"1,690,425,100","110,241,102",1.087,0,0,15,448,06.09.21,41214%,1380%,0%,0%
720,Mon Laferte,,"1,688,673,454","301,533,513",143,0,4,29,114,08.04.22,80%,20%,3%,0%
721,fun.,,"1,686,806,996",192,26,0,3,16,25,15.03.22,96%,62%,12%,0%
722,Trevor Daniel,,"1,684,760,342","162,409,345",48,1,2,12,43,07.11.21,90%,25%,4%,2%
723,Lee Brice,,"1,683,473,873","13,377,876",96,0,6,15,70,16.02.22,73%,16%,6%,0%
724,Santana,,"1,682,972,727","3,307,046",614,0,4,24,127,23.11.21,21%,4%,1%,0%
725,Lalo Ebratt,,"1,681,668,508","77,916,445",56,0,7,15,40,15.03.22,71%,27%,13%,0%
726,Ezhel,,"1,681,356,925","170,995,928",61,0,1,47,57,17.03.22,93%,77%,2%,0%
727,Los Temerarios,,"1,681,112,753",177,322,0,0,52,131,27.03.22,41%,16%,0%,0%
728,CHVRCHES,,"1,679,143,617","5,309,081",118,0,2,34,84,29.03.22,71%,29%,2%,0%
729,Cigarettes After Sex,,"1,677,280,509","2,912,044",30,0,4,28,30,28.02.22,100%,93%,13%,0%
730,girl in red,,"1,675,372,984","4,401,804",29,0,5,21,29,31.01.22,100%,72%,17%,0%
731,The Who,,"1,671,018,602",0,852,0,6,14,91,11.12.21,11%,2%,1%,0%
732,Ben Howard,,"1,669,894,664",643,60,0,4,27,53,27.12.21,88%,45%,7%,0%
733,John Lennon,,"1,669,767,320","5,911,719",286,0,3,20,78,14.02.22,27%,7%,1%,0%
734,Alice In Chains,,"1,668,293,811",156,151,0,4,33,101,14.02.22,67%,22%,3%,0%
735,Lil Dicky,,"1,667,883,757","120,147,438",23,0,5,16,23,13.01.22,100%,70%,22%,0%
736,Calle 13,,"1,662,465,310","101,517,310",81,0,4,32,76,17.11.21,94%,40%,5%,0%
737,Michael Silverman,,"1,660,294,072",202,934,0,0,45,224,26.02.21,24%,5%,0%,0%
738,Sade,,"1,658,413,138","1,370,349",117,0,5,37,109,16.12.21,93%,32%,4%,0%
739,Roxette,,"1,653,401,484",303,443,0,4,19,92,27.03.22,21%,4%,1%,0%
740,Saweetie,,"1,652,524,603","453,650,245",66,0,4,23,54,25.02.22,82%,35%,6%,0%
741,Ghostemane,,"1,652,370,268","61,363,551",139,0,2,38,109,11.03.22,78%,27%,1%,0%
742,Luísa Sonza,,"1,650,151,162","2,032,880",63,0,4,33,52,10.04.22,83%,52%,6%,0%
743,Daya,,"1,650,033,117","2,052,229,031",44,0,4,18,38,09.03.22,86%,41%,9%,0%
744,Surfaces,,"1,648,779,396",0,68,0,1,21,64,03.04.22,94%,31%,1%,0%
745,Gera MX,,"1,646,925,748","417,426,033",160,0,1,44,137,24.02.22,86%,28%,1%,0%
746,Miracle Tones,,"1,644,986,750",0,116,0,0,69,111,31.03.22,96%,59%,0%,0%
747,Jack Ü,,"1,644,436,729",947,38,0,4,10,30,15.03.22,79%,26%,11%,0%
748,Gerardo Ortiz,,"1,642,590,276","411,753,848",233,0,1,36,170,12.02.21,73%,15%,0%,0%
749,beabadoobee,,"1,641,802,433","9,891,518",59,1,1,9,49,17.03.22,83%,15%,2%,2%
750,Bruno & Marrone,,"1,641,516,050","214,399,361",412,0,1,36,193,04.12.21,47%,9%,0%,0%
751,The Pussycat Dolls,,"1,639,733,506","23,019,662",55,0,5,15,41,12.03.22,75%,27%,9%,0%
752,Shania Twain,,"1,638,667,944","177,356,722",167,0,4,24,99,03.04.22,59%,14%,2%,0%
753,MKTO,,"1,635,951,803","12,317,413",29,0,1,14,28,07.03.22,97%,48%,3%,0%
754,MAGIC!,,"1,630,745,946","144,910,604",53,0,2,12,42,15.03.22,79%,23%,4%,0%
755,Brent Faiyaz,,"1,629,252,555","724,500,953",47,0,6,31,47,07.02.22,100%,66%,13%,0%
756,TOMORROW X TOGETHER,,"1,627,883,302",0,60,0,5,41,58,07.04.22,97%,68%,8%,0%
757,Kylie Minogue,,"1,627,137,071","118,064,277",903,0,2,35,164,08.04.22,18%,4%,0%,0%
758,Chris Young,,"1,626,882,431","101,066,689",105,0,3,23,78,15.03.22,74%,22%,3%,0%
759,Niska,,"1,626,437,153","549,636,654",109,0,1,44,106,02.12.21,97%,40%,1%,0%
760,Incubus,,"1,624,593,194",0,229,0,3,28,128,02.09.21,56%,12%,1%,0%
761,Gryffin,,"1,624,514,140","414,715,959",120,0,6,24,72,23.04.21,60%,20%,5%,0%
762,Mike Perry,,"1,622,103,022","25,772,096",48,0,3,19,40,03.01.22,83%,40%,6%,0%
763,Powfu,,"1,617,907,608","107,941,893",66,1,1,12,62,03.09.21,94%,18%,2%,2%
764,Tee Grizzley,,"1,617,436,989","139,751,443",129,0,3,24,109,12.05.21,84%,19%,2%,0%
765,Oliver Tree,,"1,616,106,883","40,690,022",63,0,3,29,55,08.03.22,87%,46%,5%,0%
766,Arcade Fire,,"1,613,790,780",0,105,0,3,45,85,28.03.22,81%,43%,3%,0%
767,Yo Gotti,,"1,612,651,009","1,174,641,342",479,0,2,27,130,04.07.21,27%,6%,0%,0%
768,Los Tigres Del Norte,,"1,612,543,190","141,929,772",629,0,0,34,233,06.09.21,37%,5%,0%,0%
769,Gigi D'Agostino,,"1,607,853,514",812,423,1,2,7,29,02.07.21,7%,2%,0%,0%
770,Sean Kingston,,"1,606,272,045","138,827,630",134,0,5,16,43,02.02.22,32%,12%,4%,0%
771,Seether,,"1,604,549,533",0,174,0,3,26,117,15.02.22,67%,15%,2%,0%
772,Angus & Julia Stone,,"1,603,107,795","60,666,009",131,0,3,28,85,15.03.22,65%,21%,2%,0%
773,Taio Cruz,,"1,599,916,213","24,566,920",92,0,4,14,41,27.12.21,45%,15%,4%,0%
774,Sin Bandera,,"1,599,004,041","110,277,283",116,0,6,22,87,07.03.22,75%,19%,5%,0%
775,Paul Simon,,"1,593,888,818","71,637,772",429,0,3,20,108,25.02.22,25%,5%,1%,0%
776,Bullet For My Valentine,,"1,593,844,909",30,173,0,2,41,101,10.04.22,58%,24%,1%,0%
777,Dennis Lloyd,,"1,592,538,444",0,47,0,2,22,35,12.03.22,74%,47%,4%,0%
778,Nina Simone,,"1,592,276,567","21,733,273",549,0,3,22,134,08.04.22,24%,4%,1%,0%
779,Chayanne,,"1,592,266,755","116,607,867",235,0,4,26,93,07.01.22,40%,11%,2%,0%
780,Simple Plan,,"1,590,770,094","1,985,975",123,0,4,29,92,08.04.22,75%,24%,3%,0%
781,Jon Pardi,,"1,588,158,565","142,489,487",65,0,5,20,49,28.03.22,75%,31%,8%,0%
782,Kollegah,,"1,588,116,587","102,554,181",545,0,0,38,301,07.04.22,55%,7%,0%,0%
783,Beret,,"1,586,857,502","43,424,522",48,0,3,40,47,04.10.21,98%,83%,6%,0%
784,Frédéric Chopin,,"1,580,987,576","1,163,362",9.79,0,0,20,229,06.08.21,2339%,204%,0%,0%
785,Rich Brian,,"1,579,557,494","569,603,914",57,0,4,36,55,11.04.22,96%,63%,7%,0%
786,Jasmine Thompson,,"1,578,078,543","922,355,329",116,0,3,38,88,23.02.22,76%,33%,3%,0%
787,Lionel Richie,,"1,577,536,553","49,517,630",289,0,6,17,67,10.03.22,23%,6%,2%,0%
788,Santa Fe Klan,,"1,575,586,583","401,537,463",200,0,2,35,117,14.03.22,59%,18%,1%,0%
789,Darell,,"1,574,554,327","4,304,120,013",126,0,4,29,87,17.11.21,69%,23%,3%,0%
790,AJ Tracey,,"1,574,189,249","154,919,341",97,0,6,27,83,03.01.22,86%,28%,6%,0%
791,Summer Cem,,"1,573,975,905","304,963,253",196,0,2,35,118,03.12.21,60%,18%,1%,0%
792,TKKG,,"1,573,552,413",0,3.611,0,0,0,22,15.03.22,609%,0%,0%,0%
793,Bea Miller,,"1,567,499,277","971,037,218",42,0,4,23,42,02.04.22,100%,55%,10%,0%
794,Max Richter,,"1,562,420,038",42,962,0,0,20,234,28.03.22,24%,2%,0%,0%
795,Yung Gravy,,"1,560,336,653","9,378,234",72,0,3,29,69,21.11.21,96%,40%,4%,0%
796,Greeicy,,"1,557,381,949","45,669,026",60,0,5,29,50,31.03.22,83%,48%,8%,0%
797,Nipsey Hussle,,"1,556,614,747","248,342,343",278,0,3,34,137,12.02.22,49%,12%,1%,0%
798,*NSYNC,,"1,553,648,840","22,300,666",91,0,5,16,70,10.04.22,77%,18%,5%,0%
799,Gente De Zona,,"1,552,539,697","1,252,561,307",111,0,3,20,76,23.09.21,68%,18%,3%,0%
800,IU,,"1,551,689,084","77,710,513",165,0,2,31,91,10.04.22,55%,19%,1%,0%
801,KSI,,"1,547,136,241","26,278,426",113,0,2,38,87,02.04.22,77%,34%,2%,0%
802,Lily Allen,,"1,546,252,621","332,067,134",115,0,4,23,78,17.03.22,68%,20%,3%,0%
803,Otis Redding,,"1,546,113,623","130,676,074",281,0,3,19,87,15.02.22,31%,7%,1%,0%
804,Dido,,"1,544,444,396","5,272,415",196,0,3,14,81,21.03.22,41%,7%,2%,0%
805,Die drei !!!,,"1,543,605,722","23,498,439",2.798,0,0,0,58,09.10.21,2073%,0%,0%,0%
806,Guaynaa,,"1,541,206,062","88,976,740",60,0,5,16,39,06.11.21,65%,27%,8%,0%
807,LUDMILLA,,"1,537,759,585","430,517,451",158,0,1,37,132,09.04.22,84%,23%,1%,0%
808,The National,,"1,532,521,751","81,968,174",210,0,1,44,138,03.02.22,66%,21%,0%,0%
809,JID,,"1,531,738,714","663,633,279",52,0,4,27,51,24.03.22,98%,52%,8%,0%
810,Junior H,,"1,521,935,292","225,505,141",100,0,4,31,90,27.03.22,90%,31%,4%,0%
811,Selena,,"1,517,058,313","2,447,052",134,0,6,23,88,31.03.22,66%,17%,4%,0%
812,Juicy J,,"1,516,124,067","3,596,085,282",438,0,2,32,104,15.03.22,24%,7%,0%,0%
813,Chase Atlantic,,"1,514,384,881","8,759,864",71,0,3,37,69,11.02.22,97%,52%,4%,0%
814,Tina Turner,,"1,513,978,176","118,924,044",253,0,5,16,77,08.04.22,30%,6%,2%,0%
815,Kiiara,,"1,512,596,357","280,284,880",73,0,3,19,35,28.03.22,48%,26%,4%,0%
816,Tom Walker,,"1,511,033,109","96,049,001",87,0,3,22,57,11.03.22,66%,25%,3%,0%
817,Beastie Boys,,"1,508,487,605",674,307,0,4,21,162,08.03.22,53%,7%,1%,0%
818,Felipe Araújo,,"1,507,060,178","144,991,670",97,0,5,18,64,03.09.21,66%,19%,5%,0%
819,Tears For Fears,,"1,504,287,492","2,390,954",216,0,2,11,60,14.03.22,28%,5%,1%,0%
820,Mother Mother,,"1,500,373,798",82,139,0,5,17,96,07.04.22,69%,12%,4%,0%
821,Wolfgang Amadeus Mozart,,"1,499,926,731","4,517,918",12.276,0,0,15,216,10.12.21,1760%,122%,0%,0%
822,Yusuf / Cat Stevens,,"1,499,356,330","16,380,259",277,0,3,18,62,24.12.21,22%,6%,1%,0%
823,Brad Paisley,,"1,497,397,443","65,060,430",233,0,1,37,130,13.02.22,56%,16%,0%,0%
824,Ice Cube,,"1,494,097,969","176,529,482",265,0,3,20,145,28.01.21,55%,8%,1%,0%
825,Sofía Reyes,,"1,494,024,710","190,626,412",57,0,3,19,40,07.04.22,70%,33%,5%,0%
826,Tracy Chapman,,"1,492,458,440","81,015,248",102,0,4,14,88,27.03.22,86%,14%,4%,0%
827,Neil Young,,"1,492,248,289","17,581,131",856,0,3,22,131,02.09.21,15%,3%,0%,0%
828,Cyndi Lauper,,"1,490,928,251","6,688,996",219,0,3,8,33,24.03.22,15%,4%,1%,0%
829,Kevin Roldan,,"1,489,016,332","399,120,073",126,0,2,29,89,11.06.21,71%,23%,2%,0%
830,Olivia O'Brien,,"1,488,714,543","1,409,882,112",53,0,3,21,42,07.04.22,79%,40%,6%,0%
831,Mary J. Blige,,"1,486,297,443","1,993,446,400",370,0,2,26,145,10.04.22,39%,7%,1%,0%
832,Dominic Fike,,"1,481,646,219","122,848,899",29,0,2,20,29,09.04.22,100%,69%,7%,0%
833,Deftones,,"1,477,162,208",145,140,0,2,36,120,25.03.22,86%,26%,1%,0%
834,CRO,,"1,475,265,559","154,703,547",147,0,1,36,118,15.01.22,80%,24%,1%,0%
835,NCT 127,,"1,471,771,588","44,047,951",126,0,1,42,98,11.04.22,78%,33%,1%,0%
836,Oh Wonder,,"1,469,634,733","648,105,775",70,0,5,31,61,09.04.22,87%,44%,7%,0%
837,Mr. Probz,,"1,468,101,115","226,905,910",37,0,3,11,31,15.03.22,84%,30%,8%,0%
838,will.i.am,,"1,464,072,652","1,916,862,436",99,0,4,14,43,30.12.21,43%,14%,4%,0%
839,Ramin Djawadi,,"1,463,572,669",487,945,0,1,28,252,01.01.22,27%,3%,0%,0%
840,Lenny Kravitz,,"1,461,193,821","55,645,523",268,0,4,20,97,17.03.22,36%,7%,1%,0%
841,Yellow Claw,,"1,460,222,344","76,991,831",238,0,2,30,115,09.07.21,48%,13%,1%,0%
842,Lupe Fiasco,,"1,459,814,615","242,316,306",171,0,4,20,120,25.02.22,70%,12%,2%,0%
843,Brett Young,,"1,453,837,366","16,061,104",60,0,4,19,43,11.02.22,72%,32%,7%,0%
844,The Score,,"1,452,206,125","1,605,667",65,0,4,27,63,10.04.22,97%,42%,6%,0%
845,Ferrugem,,"1,451,970,050","261,221,335",150,0,1,33,111,04.12.21,74%,22%,1%,0%
846,Wallows,,"1,450,279,365","2,582,488",50,0,4,27,44,08.04.22,88%,54%,8%,0%
847,Blur,,"1,446,872,555",18,356,0,2,19,90,25.03.22,25%,5%,1%,0%
848,Matuê,,"1,446,021,815","218,393,746",33,0,3,27,32,03.04.22,97%,82%,9%,0%
849,Audioslave,,"1,442,387,593",0,59,0,5,16,47,17.02.22,80%,27%,8%,0%
850,Río Roma,,"1,442,347,614","110,842,320",103,0,4,31,84,03.04.22,82%,30%,4%,0%
851,KALEO,,"1,440,760,955",27,27,0,3,19,25,27.12.21,93%,70%,11%,0%
852,Cash Cash,,"1,439,917,088","113,946,718",163,0,3,26,68,23.02.22,42%,16%,2%,0%
853,Jowell & Randy,,"1,437,376,703","749,282,863",171,0,3,23,88,22.11.21,51%,13%,2%,0%
854,deadmau5,,"1,435,327,412","29,378,066",287,0,1,29,181,02.03.22,63%,10%,0%,0%
855,Granular,,"1,434,614,692",0,432,0,2,19,69,05.03.21,16%,4%,0%,0%
856,ZZ Top,,"1,434,520,039",0,266,0,3,15,96,04.03.22,36%,6%,1%,0%
857,Pineapple StormTv,,"1,433,855,785","132,014,674",213,0,3,26,100,17.01.22,47%,12%,1%,0%
858,Lil Kleine,,"1,432,418,175","324,579,766",119,0,0,41,98,08.02.22,82%,34%,0%,0%
859,Will Smith,,"1,430,069,964","31,667,017",89,0,6,15,45,08.03.22,51%,17%,7%,0%
860,Petit Biscuit,,"1,428,912,933","21,385,724",86,0,1,23,57,24.03.22,66%,27%,1%,0%
861,Alex Rose,,"1,427,992,828","417,963,769",61,0,3,24,56,07.07.21,92%,39%,5%,0%
862,Natiruts,,"1,426,946,674","20,056,205",216,0,1,36,156,19.03.22,72%,17%,0%,0%
863,Skepta,,"1,426,619,159","1,358,721,431",147,0,1,36,107,02.03.22,73%,24%,1%,0%
864,Julieta Venegas,,"1,425,752,323","611,581,642",149,0,5,16,85,07.04.22,57%,11%,3%,0%
865,DJ Luian,,"1,425,231,812","1,986,428,348",52,0,4,15,41,22.02.21,79%,29%,8%,0%
866,Giveon,,"1,423,652,277","1,561,901,475",18,0,3,18,18,27.03.22,100%,100%,17%,0%
867,Joaquín Sabina,,"1,422,454,877","118,190,502",345,0,0,38,215,23.01.22,62%,11%,0%,0%
868,DENNIS,,"1,419,916,276","117,580,197",305,0,4,30,120,20.06.21,39%,10%,1%,0%
869,Natalia Lafourcade,,"1,418,040,225","781,127,916",174,0,3,28,113,11.11.21,65%,16%,2%,0%
870,Mc Don Juan,,"1,417,882,287","204,494,755",150,0,4,34,85,25.01.22,57%,23%,3%,0%
871,Toby Keith,,"1,414,744,380","20,102,622",302,0,4,22,89,28.03.22,29%,7%,1%,0%
872,Timbaland,,"1,414,077,091","1,982,606,596",162,0,4,14,61,01.04.22,38%,9%,2%,0%
873,Tech N9ne,,"1,413,659,255","538,028,931",451,0,0,27,219,08.10.21,49%,6%,0%,0%
874,Gustavo Cerati,,"1,412,796,197","187,387,067",161,0,3,34,108,29.03.22,67%,21%,2%,0%
875,Cher,,"1,411,271,803","13,251,847",398,0,2,19,67,10.04.22,17%,5%,1%,0%
876,Dadju,,"1,410,865,141","438,271,734",93,0,1,36,90,18.02.22,97%,39%,1%,0%
877,Mambo Kingz,,"1,409,982,433","1,796,968,260",36,0,5,11,14,26.02.21,39%,31%,14%,0%
878,Baby Lullaby Academy,,"1,409,215,562","30,122,083",2.087,0,0,52,164,22.09.21,7858%,2492%,0%,0%
879,Nicki Nicole,,"1,409,152,229","355,380,824",40,0,3,27,39,03.04.22,98%,68%,8%,0%
880,AURORA,,"1,408,851,287","360,467,474",98,0,1,31,75,10.04.22,77%,32%,1%,0%
881,Tori Kelly,,"1,407,405,192","506,153,877",99,0,3,25,82,31.03.22,83%,25%,3%,0%
882,BØRNS,,"1,406,826,101","17,219,722",44,0,3,19,40,17.01.22,91%,43%,7%,0%
883,Spice Girls,,"1,406,395,669",657,106,0,3,11,38,09.04.22,36%,10%,3%,0%
884,TLC,,"1,403,055,555","219,483,244",173,0,3,9,50,01.04.22,29%,5%,2%,0%
885,Tungevaag,,"1,400,559,149","3,724,601",76,0,4,26,49,13.01.22,64%,34%,5%,0%
886,Sasha Alex Sloan,,"1,399,592,413","332,017,725",41,0,3,29,40,19.02.22,98%,71%,7%,0%
887,The Goo Goo Dolls,,"1,396,855,854",280,248,0,2,13,69,23.03.21,28%,5%,1%,0%
888,Kris Kross Amsterdam,,"1,394,452,332","10,578,924",42,0,2,13,25,06.12.21,60%,31%,5%,0%
889,Jay Chou,,"1,394,403,171","20,862,440",297,0,0,45,162,02.04.21,55%,15%,0%,0%
890,Pink Sweat$,,"1,394,011,678","49,857,313",57,0,2,25,48,19.03.22,84%,44%,4%,0%
891,Vince Staples,,"1,391,883,412","544,239,428",83,0,2,27,78,25.02.22,94%,33%,2%,0%
892,La Adictiva Banda San José de Mesillas,,"1,390,733,819","37,897,054",118,0,4,24,61,12.12.21,52%,20%,3%,0%
893,Lykke Li,,"1,388,396,018","70,345,110",96,0,3,26,69,08.02.22,72%,27%,3%,0%
894,Bruno Martini,,"1,388,281,030","22,132,950",100,0,3,16,38,09.03.22,38%,16%,3%,0%
895,Alina Baraz,,"1,387,776,431","27,621,680",76,0,3,26,67,20.01.22,88%,34%,4%,0%
896,Maggie Lindemann,,"1,385,564,835","2,778,318",26,0,2,14,26,24.03.22,100%,54%,8%,0%
897,Jack & Jack,,"1,383,240,105","44,970,275",43,0,2,15,41,15.03.22,95%,35%,5%,0%
898,Lauren Daigle,,"1,382,314,910","135,808,339",67,0,1,33,64,02.02.22,96%,49%,1%,0%
899,Falling In Reverse,,"1,378,263,958",0,64,0,2,36,63,05.03.22,98%,56%,3%,0%
900,Melim,,"1,371,553,776","57,466,342",87,0,2,31,66,09.04.22,76%,36%,2%,0%
901,Dread Mar I,,"1,370,017,836","33,541,844",159,0,2,23,125,16.03.22,79%,14%,1%,0%
902,YUNGBLUD,,"1,367,258,954","366,326,991",77,0,2,32,60,17.10.21,78%,42%,3%,0%
903,Tyler Childers,,"1,364,738,618","25,911,814",61,0,2,34,57,11.04.22,93%,56%,3%,0%
904,The All-American Rejects,,"1,362,771,772",0,86,0,4,8,61,09.04.22,71%,9%,5%,0%
905,Evaluna Montaner,,"1,362,260,325","122,724,529",46,0,4,6,24,31.03.22,52%,13%,9%,0%
906,Pabllo Vittar,,"1,361,368,705","292,571,276",121,0,2,33,69,11.03.22,57%,27%,2%,0%
907,Alvaro Soler,,"1,360,944,048","30,727,530",91,0,2,16,61,01.01.22,67%,18%,2%,0%
908,Supertramp,,"1,360,636,172",34,119,0,4,18,84,07.04.22,71%,15%,3%,0%
909,Salmo,,"1,359,189,476","566,995,386",149,0,1,30,93,02.02.22,62%,20%,1%,0%
910,Willie Nelson,,"1,357,834,751","211,167,459",1.494,0,3,21,128,02.09.21,8568%,1406%,201%,0%
911,Bunbury,,"1,356,230,450","173,182,634",412,0,1,23,187,23.03.22,45%,6%,0%,0%
912,Juan Luis Guerra 4.40,,"1,355,215,104","686,514,166",197,0,1,32,111,07.01.22,56%,16%,1%,0%
913,Gavin James,,"1,353,919,817","52,147,623",105,0,3,26,80,19.02.21,76%,25%,3%,0%
914,Beck,,"1,350,207,114","87,204,764",292,0,1,27,140,01.04.22,48%,9%,0%,0%
915,Duke Dumont,,"1,349,058,745","24,095,278",121,0,2,15,51,07.04.22,42%,12%,2%,0%
916,Counting Crows,,"1,348,728,127","4,264,748",192,0,3,12,71,02.03.22,37%,6%,2%,0%
917,Emeli Sandé,,"1,347,050,273","646,851,837",155,0,4,18,81,25.02.22,52%,12%,3%,0%
918,Icona Pop,,"1,344,938,238","196,870,148",119,0,3,18,62,27.03.22,52%,15%,3%,0%
919,Burna Boy,,"1,342,167,403","1,378,862,686",157,0,3,35,86,09.04.22,55%,22%,2%,0%
920,MC Kevin o Chris,,"1,342,119,180","323,281,970",183,0,4,27,97,11.03.22,53%,15%,2%,0%
921,Foreigner,,"1,337,514,934",312,294,0,4,12,58,03.04.22,20%,4%,1%,0%
922,Pixies,,"1,336,570,435",172,842,0,3,16,97,09.03.22,12%,2%,0%,0%
923,Simone & Simaria,,"1,336,133,153","222,160,465",117,0,4,21,79,10.04.22,68%,18%,3%,0%
924,Gloria Trevi,,"1,335,906,748","154,025,119",273,0,1,29,125,10.04.22,46%,11%,0%,0%
925,The Temptations,,"1,334,060,024","65,509,395",716,0,3,12,55,16.03.22,8%,2%,0%,0%
926,Talking Heads,,"1,333,809,154",0,184,0,3,18,104,14.03.22,57%,10%,2%,0%
927,Gotye,,"1,333,444,133","9,383,253",46,1,1,9,24,28.03.22,52%,20%,2%,2%
928,The Head And The Heart,,"1,332,727,170",0,77,0,3,21,66,18.12.21,86%,27%,4%,0%
929,Cristian Castro,,"1,330,843,167","154,905,356",235,0,2,24,108,08.04.22,46%,10%,1%,0%
930,Jeezy,,"1,327,116,650","1,246,803,557",599,0,1,26,179,29.08.21,30%,4%,0%,0%
931,Hombres G,,"1,326,434,587","60,413,806",275,0,3,16,113,26.03.22,41%,6%,1%,0%
932,Capo Plaza,,"1,324,581,130","641,932,876",67,0,1,37,60,18.12.21,90%,55%,1%,0%
933,Marracash,,"1,324,081,204","472,296,792",166,0,0,41,115,07.04.22,69%,25%,0%,0%
934,ZHU,,"1,323,872,029","48,629,702",110,0,2,31,82,27.12.21,75%,28%,2%,0%
935,Ruel,,"1,321,436,126","30,494,307",44,0,3,21,34,29.03.22,77%,48%,7%,0%
936,Jacquees,,"1,320,891,353","270,700,370",118,0,2,20,98,20.02.22,83%,17%,2%,0%
937,Salaam Remi,,"1,319,591,086","332,136,238",180,1,1,2,12,21.02.22,7%,1%,1%,1%
938,Gustavo Mioto,,"1,317,266,450","68,520,551",89,0,4,26,65,04.12.21,73%,29%,4%,0%
939,SCH,,"1,316,421,287","601,521,378",111,0,0,43,111,09.04.22,100%,39%,0%,0%
940,Lil Xan,,"1,315,933,907","15,365,065",76,0,3,17,57,23.11.21,75%,22%,4%,0%
941,Diego & Victor Hugo,,"1,312,088,436","14,647,082",119,0,5,19,79,24.01.22,66%,16%,4%,0%
942,Thiaguinho,,"1,311,765,041","166,121,439",248,0,0,43,179,04.12.21,72%,17%,0%,0%
943,Alanis Morissette,,"1,311,751,985",250,297,0,3,18,103,10.04.22,35%,6%,1%,0%
944,Trueno,,"1,309,622,974","77,094,057",43,0,5,21,32,01.04.22,74%,49%,12%,0%
945,Café Tacvba,,"1,307,673,880","137,656,418",178,0,2,22,132,04.03.22,74%,12%,1%,0%
946,Canserbero,,"1,304,952,895","14,546,833",88,0,3,33,85,01.04.22,97%,38%,3%,0%
947,Zendaya,,"1,303,626,161","707,868,872",42,0,3,9,30,17.03.22,71%,21%,7%,0%
948,Dustin Lynch,,"1,301,729,540","9,586,080",82,0,4,15,64,09.03.22,78%,18%,5%,0%
949,Megadeth,,"1,300,326,330",0,421,0,1,20,183,20.03.22,43%,5%,0%,0%
950,Beach House,,"1,297,919,931",0,106,0,1,25,95,19.03.22,90%,24%,1%,0%
951,Frenna,,"1,296,836,025","333,520,099",146,0,0,40,110,08.03.22,75%,27%,0%,0%
952,Sam Cooke,,"1,294,399,239",412,360,0,3,12,75,01.04.22,21%,3%,1%,0%
953,MF DOOM,,"1,294,381,064","91,061,554",423,0,0,27,164,24.03.22,39%,6%,0%,0%
954,Silk Sonic,,"1,294,272,147","26,970,396",11,0,3,11,11,02.04.22,100%,100%,27%,0%
955,A Tribe Called Quest,,"1,292,267,300","2,704,021",180,0,2,32,108,28.02.22,60%,18%,1%,0%
956,Pantera,,"1,289,470,425",18,169,0,3,20,90,11.04.22,53%,12%,2%,0%
957,Baby Keem,,"1,289,309,023","12,398,272",51,0,2,24,47,07.04.22,92%,47%,4%,0%
958,Laura Pausini,,"1,289,271,047","280,106,077",445,0,0,24,170,09.04.22,38%,5%,0%,0%
959,Missy Elliott,,"1,288,508,995","1,254,676,041",137,0,4,20,61,03.04.22,45%,15%,3%,0%
960,Brantley Gilbert,,"1,288,253,176","100,016,251",112,0,2,30,82,03.09.21,73%,27%,2%,0%
961,Johann Sebastian Bach,,"1,285,784,532",998,13.624,0,0,13,172,10.12.21,1262%,95%,0%,0%
962,Craig David,,"1,285,531,665","86,003,396",166,0,1,21,88,05.03.22,53%,13%,1%,0%
963,Snakehips,,"1,284,895,360","87,512,393",64,0,3,17,45,27.02.21,70%,27%,5%,0%
964,(G)I-DLE,,"1,283,249,326",0,67,0,4,15,51,11.04.22,76%,22%,6%,0%
965,Eurythmics,,"1,283,233,746","11,691,902",211,0,1,11,40,02.04.22,19%,5%,0%,0%
966,Brett Eldredge,,"1,281,453,333",0,94,0,3,17,70,22.03.22,74%,18%,3%,0%
967,Grouplove,,"1,280,951,574","4,284,177",111,0,2,15,67,27.12.21,60%,14%,2%,0%
968,Ben&Ben,,"1,280,627,960","16,188,285",54,0,3,27,49,11.04.22,91%,50%,6%,0%
969,Aleman,,"1,280,180,980","354,566,050",147,0,2,28,125,24.02.22,85%,19%,1%,0%
970,Andrea Bocelli,,"1,278,707,389","54,470,325",484,0,2,25,160,27.11.21,33%,5%,0%,0%
971,Kelsea Ballerini,,"1,277,844,131","586,466,804",75,0,1,24,59,08.04.22,79%,32%,1%,0%
972,AWOLNATION,,"1,277,027,784","30,808,417",116,0,1,19,69,27.12.21,59%,16%,1%,0%
973,Ultimo,,"1,273,737,245","74,148,967",69,0,0,34,62,10.04.22,90%,49%,0%,0%
974,Benjamin Blümchen,,"1,270,296,618","2,187,805",5.668,0,0,2,41,09.10.21,723%,35%,0%,0%
975,M.I.A.,,"1,269,709,772","175,946,622",116,0,3,11,75,29.03.22,65%,9%,3%,0%
976,RÜFÜS DU SOL,,"1,268,839,482","10,488,101",138,0,2,29,88,08.03.22,64%,21%,1%,0%
977,Gemitaiz,,"1,266,288,238","593,315,810",160,0,0,34,122,18.12.21,76%,21%,0%,0%
978,Gzuz,,"1,264,863,622","1,449,473,167",95,0,0,36,93,11.03.22,98%,38%,0%,0%
979,Tinie Tempah,,"1,264,492,695","429,042,133",127,0,3,21,63,03.09.21,50%,17%,2%,0%
980,RIN,,"1,261,808,825","59,894,250",78,0,1,31,72,20.01.22,92%,40%,1%,0%
981,Dave Matthews Band,,"1,261,101,094","13,501,161",1.18,0,1,23,159,02.04.22,13475%,1949%,85%,0%
982,Death Cab for Cutie,,"1,261,046,105","32,185,522",220,0,1,29,119,26.03.22,54%,13%,0%,0%
983,Los Enanitos Verdes,,"1,260,653,189","5,203,278",180,0,3,17,85,02.12.21,47%,9%,2%,0%
984,Empire of the Sun,,"1,260,338,910","152,059,781",107,0,3,11,52,12.12.21,49%,10%,3%,0%
985,Lil Jon,,"1,259,193,098","1,536,589,891",142,0,3,15,49,02.09.21,35%,11%,2%,0%
986,Leonard Cohen,,"1,258,300,413","3,028,606",390,0,0,31,182,05.03.22,47%,8%,0%,0%
987,Official HIGE DANdism,,"1,250,056,716",90,128,0,4,21,64,17.01.22,50%,16%,3%,0%
988,Night Lovell,,"1,246,298,320","56,029,888",69,0,2,28,69,24.03.22,100%,41%,3%,0%
989,Ashnikko,,"1,246,235,045","28,694,348",40,0,3,20,33,03.04.22,83%,50%,8%,0%
990,Shoreline Mafia,,"1,241,175,591","153,028,794",74,0,3,28,72,09.04.22,97%,38%,4%,0%
991,ONE OK ROCK,,"1,240,194,759","2,650,929",116,0,0,39,107,17.01.22,92%,34%,0%,0%
992,Los Bukis,,"1,238,840,274","6,645,445",245,0,0,43,100,24.09.21,41%,18%,0%,0%
993,The Kinks,,"1,238,279,649",0,688,0,4,13,76,07.04.22,11%,2%,1%,0%
994,Foals,,"1,238,093,216","1,315,605",164,0,2,31,77,15.12.21,47%,19%,1%,0%
995,Kina,,"1,237,030,469","2,962,492",31,0,2,9,21,29.05.21,68%,29%,6%,0%
996,Upchurch,,"1,233,720,207","136,998,161",225,0,0,29,177,03.03.22,79%,13%,0%,0%
997,Hungria Hip Hop,,"1,233,176,813","69,096,039",63,0,1,37,59,04.12.21,94%,59%,2%,0%
998,Chicago,,"1,232,497,152",5,725,0,4,11,56,22.03.22,8%,2%,1%,0%
999,Riton,,"1,231,385,490","21,351,886",118,0,3,8,24,01.03.22,20%,7%,3%,0%
1000,BIGBANG,,"1,231,303,296",1,381,0,2,23,60,09.04.22,16%,6%,1%,0%
