#;Artist;Lead Streams;Feats;Tracks;1b;100m;10m;1m;Update
1;Drake;45930207058;17624649510;248;6;117;241;244;11.04.22
2;Ed Sheeran;35009165977;2537534050;222;10;59;166;200;11.04.22
3;Bad Bunny;33838992346;4440723306;141;3;89;134;140;11.04.22
4;The Weeknd;30759273612;3858847246;178;6;69;143;161;11.04.22
5;Ariana Grande;30199885343;1934573510;181;5;69;126;175;11.04.22
6;Justin Bieber;29483883662;10391249275;222;6;55;169;194;11.04.22
7;Taylor Swift;27839517025;386434032;319;1;76;246;309;11.04.22
8;Eminem;27803863084;3899986002;279;3;60;222;259;11.04.22
9;Post Malone;27472535195;2285274498;82;8;54;65;66;11.04.22
10;BTS;24789404457;190636034;253;1;88;200;253;11.04.22
11;J Balvin;24110821085;9328411237;236;2;64;139;217;10.04.22
12;Kanye West;22791750773;5281780276;238;0;59;191;220;10.04.22
13;Billie Eilish;21436789653;0;62;4;41;57;61;11.04.22
14;Juice WRLD;21084148801;3070357742;117;2;57;112;116;07.04.22
15;Coldplay;20064349540;83951243;301;4;31;167;277;11.04.22
16;XXXTENTACION;19953049106;2493987810;131;7;42;104;122;11.04.22
17;Ozuna;19838901919;7116656020;210;1;49;149;192;09.04.22
18;Khalid;19690052960;2770172523;111;7;39;86;105;08.04.22
19;Dua Lipa;19665995562;315574672;193;6;33;80;162;11.04.22
20;Imagine Dragons;19596416938;60704229;146;4;39;108;128;10.04.22
21;Travis Scott;19184512661;8976056800;112;3;43;90;107;09.04.22
22;Rihanna;19118212868;6448851366;273;2;44;110;198;10.04.22
23;Maroon 5;18421351446;17393;238;5;30;108;195;03.04.22
24;Shawn Mendes;17706595827;42979744;126;4;33;94;123;11.04.22
25;David Guetta;17301771519;1108667832;663;1;44;134;373;03.04.22
26;Bruno Mars;16495189532;3561604711;79;5;31;61;75;09.04.22
27;Calvin Harris;16423757027;409710293;218;3;28;82;174;25.03.22
28;Daddy Yankee;16372877051;5217399600;358;3;39;92;226;10.04.22
29;Sam Smith;15908097736;267238623;139;4;30;81;133;11.04.22
30;Queen;15267897543;32075239;557;4;23;90;401;11.04.22
31;Kendrick Lamar;15193196132;8082462716;103;1;32;91;97;10.04.22
32;The Chainsmokers;14713014424;388034092;180;3;25;75;152;10.04.22
33;One Direction;14224545475;924541;124;0;42;100;116;11.04.22
34;Chris Brown;14151255495;8078925713;396;0;36;187;327;11.04.22
35;Beyoncé;14014374647;1947194545;341;1;34;152;247;11.04.22
36;Future;13907376067;8519221207;461;1;26;207;340;31.03.22
37;Nicki Minaj;13652515491;10387291831;165;2;31;113;155;11.04.22
38;Lady Gaga;13569697066;88138257;306;1;26;105;193;11.04.22
39;J. Cole;13531889166;3016205291;138;1;36;110;136;11.04.22
40;Halsey;13235073985;1441182986;155;3;23;96;129;02.04.22
41;Anuel AA;13141088110;4262187013;156;0;32;120;147;03.04.22
42;Selena Gomez;13137004075;1965183706;137;3;23;80;123;10.04.22
43;Adele;12995508731;33812699;70;3;24;59;69;11.04.22
44;The Beatles;12879429104;0;790;0;32;178;445;11.04.22
45;Sia;12764364577;4200928972;317;2;25;104;228;08.04.22
46;Maluma;12595621404;5536045527;186;0;33;126;179;03.04.22
47;Twenty One Pilots;12230092784;0;90;3;34;74;86;11.04.22
48;Marshmello;12078260875;545955313;143;4;17;83;133;09.04.22
49;Lil Uzi Vert;11981431319;5781096063;129;1;30;117;128;03.04.22
50;Linkin Park;11971854986;45680007;346;2;29;108;278;10.04.22
51;Kygo;11824039530;1083672421;102;1;28;85;100;28.03.22
52;Katy Perry;11790544283;1007321799;180;0;30;83;141;03.04.22
53;Avicii;11752200960;489496761;242;2;18;88;156;10.04.22
54;Farruko;11070271437;6143025168;338;0;28;115;283;16.03.22
55;Lana Del Rey;10951443262;663001142;162;0;31;112;151;11.04.22
56;Camila Cabello;10718386609;2089988937;60;2;23;43;49;11.04.22
57;Rauw Alejandro;10553379609;1652204158;174;0;30;93;143;11.04.22
58;Jason Derulo;10433795943;681434209;191;0;27;65;130;10.03.22
59;Red Hot Chili Peppers;10027640259;0;264;0;17;114;218;11.04.22
60;Demi Lovato;9924524430;1309246187;233;0;23;89;188;08.04.22
61;Arctic Monkeys;9900617575;2358127;133;1;18;86;133;10.04.22
62;Shakira;9536364233;1118941544;230;0;22;84;195;11.04.22
63;Doja Cat;9505582577;1592396075;81;1;22;61;75;11.04.22
64;Nicky Jam;9266294031;8492374094;228;0;26;86;154;29.01.22
65;KAROL G;9237439662;512966971;81;1;25;60;76;11.04.22
66;OneRepublic;9218461100;207789978;165;1;25;74;133;09.04.22
67;Harry Styles;9137076671;1406135;27;3;24;25;26;11.04.22
68;Miley Cyrus;9047502329;874942915;194;0;16;85;155;11.04.22
69;Martin Garrix;8927125034;80422266;191;2;17;79;147;08.04.22
70;Michael Jackson;8922110082;520593135;324;1;21;89;233;11.04.22
71;Pitbull;8729107331;2895440544;386;0;21;81;211;02.04.22
72;G-Eazy;8571210186;2240164193;224;1;15;111;206;28.03.22
73;Sebastian Yatra;8530882082;797132614;120;0;27;76;107;11.04.22
74;Charlie Puth;8485914369;208834536;102;3;12;56;88;10.04.22
75;Cardi B;8477939050;5910691996;67;2;18;51;66;11.04.22
76;Panic! At The Disco;8444996703;634974236;132;1;20;77;124;11.04.22
77;Major Lazer;8424646179;582920401;262;3;14;67;171;15.03.22
78;Ellie Goulding;8359706430;650088533;165;1;16;68;131;08.04.22
79;DaBaby;8344931112;4327620794;151;2;18;77;133;15.03.22
80;Lil Wayne;8339312026;13240828020;471;0;19;110;309;10.04.22
81;Young Thug;8275335462;8722953300;360;0;17;129;215;11.04.22
82;Lil Baby;8234201679;7563180732;171;0;19;113;159;03.04.22
83;Wiz Khalifa;8213573291;6474435820;428;1;19;106;298;10.04.22
84;Sech;8168068001;2612226125;117;0;22;67;103;04.03.22
85;Mac Miller;8146491606;634206678;207;0;17;125;192;11.04.22
86;Pop Smoke;8114250149;823582153;98;0;18;79;97;03.04.22
87;21 Savage;8013038173;5102666826;155;0;20;83;125;28.02.22
88;Myke Towers;7957142534;4313459699;161;0;24;93;150;01.04.22
89;Metallica;7936686126;5306788;814;0;13;105;276;11.04.22
90;Fall Out Boy;7932097894;37238404;199;0;16;96;164;03.04.22
91;Diplo;7903388758;1678969819;370;0;23;86;203;24.03.22
92;Lil Peep;7807725799;302180931;101;0;21;87;101;09.04.22
93;Migos;7798723581;3218601733;281;0;16;83;186;24.03.22
94;Logic;7792057406;1797939190;163;1;14;121;161;28.03.22
95;Lil Nas X;7710176745;0;33;3;11;30;32;02.04.22
96;Tyga;7707589449;3949796361;297;1;19;99;253;28.03.22
97;P!nk;7705620044;558938547;234;0;21;82;161;10.04.22
98;John Mayer;7690841443;478302900;197;0;18;117;173;28.03.22
99;Alan Walker;7686431970;1720072338;151;1;16;64;121;25.03.22
100;Little Mix;7515765784;10375540;210;0;19;101;157;03.04.22
101;DJ Snake;7511968595;1885966456;143;2;11;51;100;21.03.22
102;ZAYN;7511901161;231225044;85;3;15;67;84;11.04.22
103;AC/DC;7506515129;0;312;0;10;78;240;10.04.22
104;Lauv;7442990467;134651401;97;1;21;62;90;08.04.22
105;James Arthur;7426406129;68395640;141;1;13;59;123;24.03.22
106;Trippie Redd;7415351877;2814781361;194;0;21;124;177;03.04.22
107;Macklemore;7396989553;80667258;101;1;13;60;94;28.02.22
108;Olivia Rodrigo;7340845148;1608264;37;2;12;23;34;11.04.22
109;Zedd;7260452941;877051404;138;3;13;38;96;24.03.22
110;Kodak Black;7247769239;1665337621;232;0;16;85;216;10.04.22
111;A$AP Rocky;7169188253;4858423889;97;0;16;70;91;07.04.22
112;Gunna;7163559570;4191849661;177;0;13;105;165;03.04.22
113;A Boogie Wit da Hoodie;7092789905;3010963795;130;0;16;97;128;11.04.22
114;NF;7063003125;127241213;81;1;16;81;81;28.03.22
115;5 Seconds of Summer;7055968015;497486452;162;1;12;96;158;26.03.22
116;Frank Ocean;7029867946;2146798898;45;0;21;45;45;11.04.22
117;Bob Marley & The Wailers;7023048628;48398127;593;0;14;74;351;03.02.22
118;Elton John;7009556879;299423667;888;0;14;55;247;02.03.22
119;Tiësto;6938701862;1059062766;638;0;16;82;302;31.03.22
120;Robin Schulz;6851000009;305414041;213;0;14;51;143;15.02.22
121;YoungBoy Never Broke Again;6840882546;1182144990;373;0;8;167;343;10.04.22
122;Green Day;6811695959;474579;374;0;12;77;298;07.04.22
123;Metro Boomin;6794884040;200596396;118;0;16;72;92;22.03.22
124;Bebe Rexha;6777094413;3279465832;116;2;14;55;94;01.04.22
125;Romeo Santos;6768749936;1066912364;126;0;20;77;103;12.03.22
126;Justin Timberlake;6740366076;1988041303;170;1;13;66;112;10.04.22
127;Tyler. The Creator;6692975481;1338659007;153;0;19;92;109;10.04.22
128;DJ Khaled;6686604903;183441219;166;1;13;61;123;25.03.22
129;Clean Bandit;6606025626;23896986;163;2;9;39;121;17.03.22
130;Luis Miguel;6579655406;1742250;312;0;14;116;264;11.04.22
131;Anne-Marie;6544026919;764434994;130;3;10;42;95;10.04.22
132;Lewis Capaldi;6507617673;1022;48;2;9;28;44;10.04.22
133;Zara Larsson;6463765991;489779631;83;2;13;43;77;21.03.22
134;SZA;6412432497;2010802282;41;1;18;33;40;10.04.22
135;Black Eyed Peas;6398081840;75552519;209;0;13;43;122;07.04.22
136;Michael Bublé;6374520487;303793889;236;0;17;92;187;03.04.22
137;Enrique Iglesias;6342690999;322819038;282;0;13;70;177;03.04.22
138;Machine Gun Kelly;6324445713;919585272;135;0;14;94;126;09.04.22
139;Nirvana;6287795392;0;298;1;13;56;204;03.04.22
140;Pink Floyd;6277882866;0;433;0;11;95;275;29.03.22
141;BLACKPINK;6261525837;493168424;95;0;19;38;95;11.04.22
142;$uicideboy$;6205350803;217435436;300;0;10;128;297;01.04.22
143;The Rolling Stones;6203560162;6221244;1.028;0;13;63;362;11.04.22
144;Ty Dolla $ign;6196662164;10098794734;189;0;14;76;160;03.04.22
145;JAY-Z;6136681695;5497090277;304;0;10;75;232;23.03.22
146;Flo Rida;6085922168;1623803156;228;0;11;42;95;15.02.22
147;Luis Fonsi;6077523006;403055681;188;2;10;40;119;18.03.22
148;Britney Spears;6063790754;602790618;291;0;18;57;175;11.04.22
149;blackbear;6045959506;1446098810;148;0;11;92;129;17.03.22
150;Marília Mendonça;6021692420;1372849784;117;0;22;105;111;09.04.22
151;Jonas Blue;5998747209;104449221;151;0;9;35;94;23.01.22
152;Guns N' Roses;5964328848;17393;135;1;10;51;105;08.04.22
153;Russ;5943776704;112071341;357;0;14;105;244;29.03.22
154;Fleetwood Mac;5935458461;524.68;667;0;11;42;219;21.02.22
155;Anitta;5900095190;1347036397;155;0;20;81;143;09.04.22
156;Reik;5848430867;295940939;167;0;16;71;140;11.03.22
157;Kid Cudi;5815650058;1318053851;144;0;10;84;140;03.04.22
158;Banda MS de Sergio Lizárraga;5785293431;3759460;227;0;18;96;210;06.03.22
159;Bastille;5771787802;148631109;192;2;10;72;148;28.03.22
160;Childish Gambino;5731431769;562907561;85;1;12;62;83;06.03.22
161;2Pac;5730944312;317753853;316;0;15;70;233;10.04.22
162;The Neighbourhood;5693336373;349.13;90;1;11;66;90;24.03.22
163;50 Cent;5639520201;2481290890;213;0;14;58;146;10.04.22
164;Polo G;5638343072;1810078644;75;0;13;67;74;07.04.22
165;The Kid LAROI;5583045467;715603644;47;1;15;42;45;07.04.22
166;Gorillaz;5581944152;1247709;279;0;11;96;194;08.04.22
167;Lorde;5575419744;276182653;57;0;18;42;51;10.04.22
168;Camilo;5558966861;755693266;39;0;20;35;38;05.02.22
169;Usher;5540468809;3038836304;254;0;15;53;162;11.04.22
170;Becky G;5516199409;1329510395;91;0;15;50;89;10.04.22
171;Alessia Cara;5508240468;1570973961;137;2;8;40;83;02.04.22
172;Skrillex;5505509695;1565908966;145;0;14;69;130;29.01.22
173;David Bowie;5502693339;31481337;1.307;1;12;59;306;02.04.22
174;Jhay Cortez;5483804627;805486586;80;1;8;46;79;03.04.22
175;Hozier;5465445321;5516118;70;1;13;43;64;25.03.22
176;Mariah Carey;5462662796;369079375;642;1;11;65;241;11.04.22
177;Big Sean;5453016107;5809189588;151;0;13;69;127;08.03.22
178;Ava Max;5417458502;201429933;99;1;13;36;70;11.04.22
179;French Montana;5394407731;3312161086;636;1;11;53;148;15.03.22
180;Meek Mill;5375442379;1900943088;440;0;8;92;192;03.04.22
181;Frank Sinatra;5366843348;73979058;1.846;0;14;78;322;03.04.22
182;Foo Fighters;5305045218;23868;237;0;11;75;165;10.04.22
183;The Killers;5299334194;0;212;1;9;67;142;09.04.22
184;Luke Combs;5183194117;136969698;56;0;15;55;56;27.03.22
185;blink-182;5171804027;59291510;184;0;10;90;174;03.04.22
186;Tory Lanez;5166603428;2499335847;232;0;12;83;199;02.04.22
187;U2;5115326766;276258422;514;0;7;77;290;30.03.22
188;Led Zeppelin;5106324900;0;239;0;11;62;191;07.04.22
189;Meghan Trainor;5102242843;982700745;138;0;11;53;112;01.04.22
190;Daft Punk;5100369423;3097016524;190;0;9;74;139;22.03.22
191;Radiohead;5093670775;1893476;234;0;8;91;199;26.02.22
192;John Legend;5051571136;2282127719;246;1;6;63;187;17.02.22
193;Manuel Turizo;5049889244;2072308763;62;0;15;45;61;15.03.22
194;Roddy Ricch;4992040536;3006056874;57;1;14;35;56;16.03.22
195;Rae Sremmurd;4974455451;526902012;60;0;12;42;59;30.03.22
196;Rita Ora;4947510462;693329484;128;0;13;39;85;02.04.22
197;System Of A Down;4914276934;416.79;84;0;9;68;78;10.04.22
198;Playboi Carti;4894535530;1561821806;82;0;11;64;72;10.04.22
199;Joji;4891769766;653941398;50;0;14;41;50;10.04.22
200;The 1975;4886818913;145762020;132;0;13;75;129;29.03.22
201;Jorge & Mateus;4873823162;1027297711;257;0;9;95;244;07.04.22
202;Mumford & Sons;4853570014;16462023;121;0;10;66;111;28.03.22
203;Troye Sivan;4824626257;824568480;102;0;12;54;84;26.01.22
204;Jack Johnson;4823640035;29651509;178;0;7;80;164;03.04.22
205;Muse;4822015557;0;245;0;11;86;179;10.04.22
206;Elvis Presley;4802861729;5000211;1.944;0;8;73;360;27.02.22
207;Snoop Dogg;4802642451;5654075604;732;0;10;56;269;09.03.22
208;6ix9ine;4802033247;1073147696;57;0;16;35;52;11.04.22
209;Gucci Mane;4798788897;4481259838;2.168;0;5;76;301;06.02.22
210;The Notorious B.I.G.;4743892517;636871632;178;0;10;53;121;09.03.22
211;Bazzi;4734399866;60889785;37;0;12;32;37;03.04.22
212;Don Omar;4717673391;1777908052;234;0;12;53;121;24.03.22
213;Paramore;4662552028;538478;113;0;10;67;100;09.04.22
214;Swae Lee;4650122350;5421397904;57;1;10;31;54;01.04.22
215;Paulo Londra;4648248854;109824555;30;0;13;29;30;11.04.22
216;Felix Jaehn;4628771785;188370625;166;1;11;35;95;15.03.22
217;Christian Nodal;4622776903;340332467;62;0;13;50;62;30.03.22
218;Bon Jovi;4600378208;1275883;325;0;9;42;185;09.04.22
219;Hailee Steinfeld;4589558265;614118425;29;1;10;18;27;24.03.22
220;Melanie Martinez;4586574236;3859344;56;0;16;42;55;10.04.22
221;Slipknot;4567848818;0;206;0;10;70;174;29.03.22
222;Megan Thee Stallion;4566174291;1218895485;117;1;11;45;96;11.04.22
223;Henrique & Juliano;4559712376;753449671;166;0;12;106;158;27.03.22
224;Christina Aguilera;4555078258;2399631670;273;0;11;56;161;09.02.22
225;Labrinth;4549190078;369860683;126;0;13;41;92;01.03.22
226;Dalex;4544402526;1265738776;121;0;15;42;96;08.04.22
227;Oasis;4531611186;1006;237;1;6;48;179;10.04.22
228;Tame Impala;4522505933;150167569;98;0;11;58;84;23.03.22
229;The Lumineers;4510863778;0;82;0;8;51;77;09.04.22
230;Julia Michaels;4498276283;1605475809;65;1;7;38;62;24.03.22
231;Sean Paul;4442462794;3670801643;407;0;10;44;158;09.03.22
232;Cheat Codes;4423437528;292171387;144;0;7;41;85;08.03.22
233;Ne-Yo;4422556439;1939416230;190;0;11;34;133;10.02.22
234;Alicia Keys;4416228314;1264655349;250;0;7;54;169;07.04.22
235;Jess Glynne;4416221515;474186612;83;0;10;32;61;03.02.22
236;Disclosure;4408977764;23748409;182;0;7;53;123;01.03.22
237;Justin Quiles;4405501639;3806893938;157;0;10;64;122;27.02.22
238;Florida Georgia Line;4397195900;2376994644;128;0;14;65;98;10.04.22
239;Kings of Leon;4370537072;1417643;121;0;6;68;107;11.04.22
240;Gusttavo Lima;4363435455;775043373;284;0;8;100;221;26.03.22
241;TWICE;4343162915;34274006;204;0;12;82;177;11.04.22
242;Tove Lo;4334803620;1317174119;136;0;7;63;105;09.04.22
243;Fifth Harmony;4327594950;181476156;75;1;7;46;75;03.04.22
244;Zion & Lennox;4309995534;2731830437;153;0;11;44;87;15.03.22
245;6LACK;4299166574;842640704;78;0;10;60;77;12.03.22
246;Chance the Rapper;4290538168;4055460023;101;0;12;48;85;13.03.22
247;Luke Bryan;4288920529;470518094;158;0;15;62;131;31.03.22
248;Alesso;4284275257;130725478;123;0;9;37;91;11.04.22
249;Natti Natasha;4264233032;1728176387;93;0;9;42;71;10.04.22
250;The Script;4250201734;1311120;98;0;7;51;86;24.03.22
251;ABBA;4241503684;28879;160;0;10;52;139;05.03.22
252;Morgan Wallen;4233018031;367351042;58;0;11;58;58;07.04.22
253;Five Finger Death Punch;4222383645;0;136;0;8;88;132;06.03.22
254;Madonna;4222199425;129956047;724;0;7;68;320;11.04.22
255;Zé Neto & Cristiano;4221145261;497595884;169;0;12;82;148;08.04.22
256;Jason Mraz;4207246125;93202208;240;1;6;48;154;05.03.22
257;Florence + The Machine;4205825596;311983;138;0;8;77;127;07.04.22
258;Galantis;4189406344;78683393;234;0;8;51;152;03.04.22
259;Morat;4185875702;385764813;70;0;11;59;69;11.04.22
260;Creedence Clearwater Revival;4159996209;0;130;0;8;35;109;22.03.22
261;Piso 21;4159992612;59739592;81;0;11;30;70;15.01.22
262;Nickelback;4155481128;3896172;149;0;12;55;105;09.04.22
263;Whitney Houston;4138412884;11987913;294;0;9;39;142;11.04.22
264;Glee Cast;4120130390;0;723;0;0;97;606;24.02.22
265;Bruce Springsteen;4118954973;39600529;785;0;10;56;381;24.03.22
266;Alok;4104472257;220199654;195;0;12;63;121;21.02.22
267;Lenny Tavárez;4081327351;3477276520;93;0;9;47;85;14.03.22
268;Kevin Gates;4066585990;658700819;293;0;6;106;216;15.03.22
269;Kehlani;4061666101;1916002618;111;0;10;74;99;22.03.22
270;Rammstein;4054152318;3560083;231;0;10;76;171;12.03.22
271;Avril Lavigne;4044257340;22253510;147;0;11;59;115;24.03.22
272;Niall Horan;4027382321;432614519;70;0;11;38;65;10.04.22
273;Macklemore & Ryan Lewis;4022288754;0;48;1;6;29;48;15.03.22
274;Jack Harlow;4020079266;242389591;83;1;7;36;79;10.04.22
275;Jonas Brothers;4008239293;479458782;95;1;9;37;88;10.03.22
276;My Chemical Romance;4003887551;0;134;0;10;53;116;19.02.22
277;Arcangel;3992087813;4560194472;238;0;8;54;190;04.03.22
278;Kane Brown;3988923813;25296252;95;0;9;53;86;13.02.22
279;Bryson Tiller;3969069576;1961089305;68;0;7;50;66;08.03.22
280;Capital Bra;3962800255;552397439;257;0;7;84;188;22.03.22
281;Lil Pump;3959622575;479747828;69;0;10;38;54;15.03.22
282;Bring Me The Horizon;3956689223;2955562;139;0;11;65;133;08.04.22
283;Alejandro Fernández;3952068045;309180885;313;0;9;70;235;09.04.22
284;Kelly Clarkson;3950359627;216498878;322;0;8;41;143;08.04.22
285;Wisin;3918901607;4941792286;115;0;10;40;96;17.03.22
286;Vance Joy;3912369230;0;74;1;7;36;59;26.03.22
287;Ryan Lewis;3896682000;42960372;33;1;6;28;32;15.03.22
288;Thomas Rhett;3883703770;96524246;109;0;14;53;100;10.04.22
289;Johnny Cash;3868696126;147659166;1.591;0;7;60;256;21.03.22
290;NAV;3864890544;1916197264;113;0;10;70;113;10.04.22
291;Jennifer Lopez;3846493269;1022591886;236;0;10;49;127;10.04.22
292;James Bay;3840880987;4096808;78;0;9;40;67;25.03.22
293;Lil Tjay;3833725578;1740661969;64;0;10;51;64;03.04.22
294;YG;3807380178;2392087229;197;0;8;70;134;01.03.22
295;YNW Melly;3785606447;339301648;82;0;9;34;79;08.04.22
296;Amy Winehouse;3784601812;237622443;159;0;7;52;92;29.03.22
297;Stevie Wonder;3781370780;269119367;603;0;9;47;153;16.02.22
298;Pearl Jam;3779149589;1609889;1.69;0;9;54;240;15.03.22
299;Duki;3765968579;822447264;138;0;10;60;126;03.04.22
300;Lil Tecca;3756285404;269171750;74;0;8;41;74;03.04.22
301;Disturbed;3751691983;0;170;0;6;68;145;09.02.22
302;Hans Zimmer;3749609183;27020966;1.492;0;3;78;518;15.03.22
303;Aerosmith;3745227775;0;284;0;8;31;152;17.02.22
304;Glass Animals;3737375994;3915552;97;1;5;44;77;11.04.22
305;Lil Skies;3732360925;748067580;58;0;9;46;57;10.04.22
306;Dr. Dre;3728870632;2028152932;91;0;8;30;85;10.03.22
307;Flume;3722679455;62719484;128;0;8;54;118;25.03.22
308;Miguel;3707744077;2134371760;139;0;8;49;112;30.03.22
309;Tones And I;3697594279;3959517;30;1;5;15;24;09.04.22
310;Nio Garcia;3653940107;130432338;121;0;7;30;94;23.03.22
311;Backstreet Boys;3652908638;183394836;134;0;8;39;124;10.04.22
312;Wisin & Yandel;3638651571;1018983101;289;0;10;47;137;21.03.22
313;Maná;3638463998;48077310;220;0;10;51;149;01.03.22
314;Kesha;3629467638;1810626925;139;0;9;39;104;10.04.22
315;Phil Collins;3552999942;114571424;337;0;9;38;151;09.04.22
316;Akon;3538482630;3202621129;206;0;9;34;111;10.04.22
317;Jason Aldean;3527119305;140753012;156;0;8;62;145;28.03.22
318;Three Days Grace;3482156443;683024;87;0;8;59;84;10.04.22
319;Jeremih;3476869433;3113656502;139;0;8;34;92;15.03.22
320;Matheus & Kauan;3466311609;589565820;163;0;8;74;152;08.03.22
321;Eagles;3462448327;0;192;1;5;38;115;24.03.22
322;Dan + Shay;3451481240;23323384;72;0;9;41;67;15.03.22
323;Yandel;3438503187;2193497804;173;0;8;52;141;11.01.22
324;24kGoldn;3435666563;149080986;58;1;7;21;53;03.04.22
325;Avenged Sevenfold;3425797988;2962919;163;0;9;64;136;30.03.22
326;Billy Joel;3423083488;8315314;413;0;9;38;142;16.02.22
327;The Strokes;3420301721;2441088;82;0;6;65;73;08.04.22
328;The Offspring;3413454637;0;158;0;7;46;128;25.03.22
329;Wesley Safadão;3397230098;563697075;279;0;5;59;254;07.03.22
330;Steve Aoki;3394815739;1437847167;412;0;6;64;215;19.03.22
331;Prince Royce;3376926461;1308005802;124;0;9;54;113;29.01.22
332;George Ezra;3373420855;36232;62;0;7;35;53;17.03.22
333;Jul;3368614373;1049482206;547;0;0;76;523;08.04.22
334;Lin-Manuel Miranda;3357127015;204907472;94;0;12;39;75;02.03.22
335;Lil Mosey;3348210594;464721415;47;1;5;34;47;21.03.22
336;Jessie J;3348178219;60774261;117;1;6;33;97;10.04.22
337;Céline Dion;3345983596;47392351;493;0;9;57;245;10.04.22
338;Ninho;3341951465;1411862147;149;0;4;104;130;09.04.22
339;benny blanco;3337797101;14573101;20;1;6;12;19;15.03.22
340;Anderson .Paak;3326060812;1136859034;149;0;5;70;117;02.04.22
341;Aventura;3311972637;273321;133;0;10;41;107;24.01.22
342;2 Chainz;3311231138;8520192061;409;0;7;53;171;03.04.22
343;Alejandro Sanz;3305109516;537301977;377;0;6;51;206;07.03.22
344;Ricardo Arjona;3282208125;8487580;341;0;3;69;264;15.03.22
345;Calibre 50;3278282846;82028793;227;0;7;71;168;01.03.22
346;Ricky Martin;3277273361;413110710;268;0;8;49;135;09.04.22
347;H.E.R.;3265378260;448090865;101;0;7;56;93;02.04.22
348;Lukas Graham;3253196453;165247216;66;1;3;27;55;15.03.22
349;Lizzo;3244144083;51927638;65;0;7;25;50;08.04.22
350;Trey Songz;3233181980;1364945269;269;0;7;57;184;09.04.22
351;CNCO;3219511018;230120914;80;0;6;44;69;10.04.22
352;Cartel De Santa;3216731726;211822080;136;0;7;61;126;06.03.22
353;Mark Ronson;3216017652;1156162195;150;1;4;24;81;27.02.22
354;Don Toliver;3210820381;579262615;66;0;5;33;58;10.03.22
355;Passenger;3207979391;1910286;217;1;2;44;180;17.02.22
356;Pentatonix;3188929665;4293645;200;0;2;97;177;04.03.22
357;Foster The People;3184094350;31256951;98;1;7;36;74;25.02.22
358;Train;3177452504;45772;172;0;8;20;84;25.02.22
359;Pablo Alborán;3175409734;217073910;172;0;8;61;160;31.03.22
360;Marc Anthony;3158590284;1647865677;197;0;7;58;140;11.03.22
361;Arijit Singh;3147906708;738215685;484;0;3;84;230;27.02.22
362;Daniel Caesar;3114399368;1168367943;38;0;7;35;36;05.03.22
363;Fetty Wap;3105020211;1590944007;138;0;7;35;86;15.03.22
364;Bob Dylan;3093919809;213.61;1.227;0;6;42;304;09.03.22
365;Rex Orange County;3091147000;327262384;57;0;7;35;55;07.04.22
366;Dire Straits;3070697148;0;102;0;5;43;97;08.04.22
367;Bee Gees;3048970940;57639921;445;0;5;35;108;09.04.22
368;James Blunt;3047515159;18114638;170;0;6;43;107;25.02.22
369;Maiara & Maraisa;3045781561;669905955;153;0;10;61;148;31.03.22
370;Bryan Adams;3043973361;142303846;386;0;7;34;129;26.03.22
371;Lil Durk;3037042966;2627058035;319;0;2;61;232;03.04.22
372;Lost Frequencies;3035321272;255851697;417;0;7;26;124;17.02.22
373;Quavo;3032997222;9543931963;80;0;7;43;66;03.04.22
374;R3HAB;3021016637;1262702976;301;0;4;64;203;16.02.22
375;Jeremy Zucker;3018495077;142295256;96;0;7;37;86;08.04.22
376;Alec Benjamin;3016113741;6373342;34;1;7;31;34;10.04.22
377;Boyce Avenue;3013798499;175724;438;0;2;70;345;04.03.22
378;ScHoolboy Q;3009909162;1577235787;88;0;8;48;84;25.03.22
379;Ski Mask The Slump God;3003127128;1060149934;71;0;7;43;70;01.04.22
380;John Williams;3002647601;10623185;2.42;0;2;39;358;15.03.22
381;Måneskin;2990300974;3372953;31;0;6;28;29;11.04.22
382;Outkast;2968851170;107773025;225;0;5;26;127;15.03.22
383;Bizarrap;2956263350;440918962;83;0;7;57;82;10.04.22
384;ROSALÍA;2947357490;1700465476;52;0;6;33;52;11.04.22
385;LANY;2945519486;272497148;84;0;8;56;80;15.03.22
386;Sam Hunt;2940660923;20722494;60;0;8;33;55;23.01.22
387;PARTYNEXTDOOR;2939827455;1775279725;80;0;8;48;79;05.02.22
388;Danny Ocean;2935339872;186131163;57;1;6;24;42;01.04.22
389;Disney;2929593793;711802;356;0;9;29;182;25.02.22
390;Jhené Aiko;2923715198;2506683365;113;0;7;65;93;09.04.22
391;Cage The Elephant;2922215689;0;107;0;5;42;83;28.03.22
392;Rels B;2914410971;93884396;105;0;5;68;97;31.03.22
393;Offset;2914353921;5413833639;46;0;7;28;35;26.03.22
394;Charli XCX;2907444303;1314001967;197;0;8;45;130;02.03.22
395;Dean Lewis;2903655994;1712279;40;1;6;25;36;21.02.22
396;Liam Payne;2891432081;16649072;51;0;7;17;39;10.04.22
397;Hillsong Worship;2886291597;0;847;0;3;72;322;28.03.22
398;Sigala;2880097855;50716650;103;0;9;31;72;31.01.22
399;Conan Gray;2879943163;0;26;0;6;26;26;11.04.22
400;ILLENIUM;2871199116;151241879;206;0;4;56;148;16.03.22
401;Nelly;2870134429;641905638;208;0;8;28;90;14.01.22
402;Summer Walker;2869130145;877961145;87;0;7;56;74;29.03.22
403;The Vamps;2864306647;0;147;0;8;36;115;31.03.22
404;alt-J;2849176993;1169421;146;0;7;39;93;15.02.22
405;Rudimental;2844040533;19915054;188;0;6;30;112;28.08.21
406;Blake Shelton;2843428181;246000758;200;0;8;43;128;18.03.22
407;BROCKHAMPTON;2840585690;1043877;112;0;4;67;109;25.02.22
408;Lil Yachty;2839598250;4748532522;178;0;6;52;151;22.03.22
409;Bibi Blocksberg;2837917009;104884;5.069;0;0;1;507;27.02.22
410;Marvin Gaye;2834639150;38468834;718;0;7;24;111;31.12.21
411;Mike Posner;2830127088;282151382;179;1;4;20;69;03.04.22
412;The Police;2817744034;80423;123;1;5;18;84;24.02.22
413;Jax Jones;2800287993;313190229;83;0;11;20;52;08.04.22
414;Iron Maiden;2799609745;0;425;0;5;46;268;26.03.22
415;The Black Keys;2797692996;0;189;0;5;53;136;25.03.22
416;Armin van Buuren;2795922270;189205318;2.179;0;4;43;288;04.09.21
417;Zac Brown Band;2790718796;10921224;141;0;6;46;108;27.12.21
418;Rise Against;2779404268;2764;180;0;4;51;166;29.03.22
419;Carlos Vives;2778295879;205270008;266;0;6;36;144;07.01.22
420;Bon Iver;2770728013;938556559;45;0;6;37;42;22.03.22
421;Juanes;2754729408;1863681229;201;0;7;34;116;28.03.22
422;A$AP Ferg;2752987100;1352077445;97;0;6;46;90;07.04.22
423;Skillet;2746916180;0;195;0;7;46;113;05.02.22
424;Maren Morris;2743973922;519703626;69;1;6;24;50;25.03.22
425;Birdy;2742086678;85459177;106;0;7;38;90;11.04.22
426;Destiny's Child;2741533523;17218122;186;0;8;19;86;18.03.22
427;Chris Stapleton;2730206844;610690719;60;0;7;45;59;19.03.22
428;Soda Stereo;2716861805;7.94;198;0;4;52;173;29.03.22
429;Tate McRae;2712453216;4156480;42;0;6;30;40;10.04.22
430;Madison Beer;2710963314;144948403;52;0;11;26;45;28.03.22
431;The Doors;2710207896;29087815;715;0;7;45;139;18.03.22
432;JP Cooper;2709357752;81186532;130;0;4;29;91;16.02.22
433;Papa Roach;2706532270;43162358;236;0;4;42;150;10.04.22
434;Tim McGraw;2705527493;59202906;284;0;5;54;130;06.02.22
435;Carly Rae Jepsen;2701503833;62128390;137;0;5;31;99;10.04.22
436;EXO;2700818518;4752962;313;0;7;58;166;01.03.22
437;Lunay;2700083117;799166376;56;0;6;29;52;25.03.22
438;Why Don't We;2700059226;87886458;95;0;8;53;81;22.03.22
439;Bradley Cooper;2666104022;368478;12;1;4;10;10;09.04.22
440;The Cure;2660147954;1258218;544;0;6;25;174;03.04.22
441;Becky Hill;2656432422;21196025;173;0;9;23;71;24.03.22
442;Os Barões Da Pisadinha;2650781861;52743215;154;0;7;66;129;13.03.22
443;Mau y Ricky;2644781291;253177587;65;0;5;35;63;05.02.22
444;Mabel;2642764243;5382783;130;0;6;21;75;14.03.22
445;Weezer;2636294980;5060398;258;0;4;45;190;16.02.22
446;Korn;2628293170;8909521;292;0;5;46;200;28.02.22
447;SAINt JHN;2623951753;120384180;54;1;3;32;53;21.02.22
448;Kali Uchis;2613490072;1457775255;65;0;4;48;61;11.04.22
449;Noah Cyrus;2612906391;118338579;65;0;6;28;59;11.04.22
450;Calum Scott;2604637385;30699559;66;0;6;19;54;25.12.21
451;T.I.;2600518493;2416362779;451;0;6;39;201;16.01.22
452;RAF Camora;2588846229;996321149;387;0;3;58;141;13.01.22
453;Iggy Azalea;2585049303;1070833065;108;0;6;28;69;10.04.22
454;MEDUZA;2582637100;9395439;55;0;4;11;32;15.03.22
455;Joan Sebastian;2582480480;35962481;487;0;5;46;264;06.01.22
456;NLE Choppa;2581704514;542407565;117;0;5;38;92;20.02.22
457;Paul McCartney;2581251127;381393000;821;0;3;25;174;10.04.22
458;Journey;2579814615;3521;265;1;5;17;87;26.01.22
459;iann dior;2568052953;512357562;67;0;8;39;53;21.01.22
460;Grupo Firme;2562887333;457301788;161;0;6;51;115;19.02.22
461;Eric Church;2557769261;271051795;286;0;4;49;115;11.02.22
462;Norah Jones;2544654511;124686297;271;0;4;57;144;10.03.22
463;Juan Gabriel;2538927985;98418039;481;0;2;56;232;07.01.22
464;Jesse & Joy;2538558703;328906057;110;0;9;37;89;06.03.22
465;Vicente Fernández;2537133599;96262577;851;0;1;54;317;01.03.22
466;MARINA;2533712431;9142211;119;0;6;50;92;10.04.22
467;Kenny Chesney;2525550972;150869102;277;0;3;49;184;06.02.22
468;Depeche Mode;2521393833;0;689;0;3;39;267;18.03.22
469;Normani;2503197119;100508766;16;0;4;13;16;09.04.22
470;Simon & Garfunkel;2502816034;0;172;0;5;24;121;25.03.22
471;Aminé;2493613158;148599248;72;0;4;38;71;06.03.22
472;Imanbek;2492412088;24538988;53;1;3;19;41;01.03.22
473;The Game;2492313888;570383861;736;0;6;39;204;11.04.22
474;PNL;2491153666;0;72;0;2;66;72;08.03.22
475;Breaking Benjamin;2487834376;0;102;0;4;56;97;07.04.22
476;Nick Jonas;2487713592;52551336;94;0;8;27;74;10.03.22
477;Bonez MC;2485467469;1525177458;160;0;4;55;114;24.02.22
478;The Beach Boys;2483316679;7223306;1.308;0;7;27;131;08.04.22
479;X Ambassadors;2463808578;1148252462;119;0;4;33;87;24.02.22
480;George Michael;2462361017;21698795;183;0;4;31;119;03.04.22
481;The xx;2446382290;9161558;76;0;5;38;65;23.02.22
482;KHEA;2434306319;801331684;79;0;6;41;76;11.04.22
483;bbno$;2429258945;226578394;146;0;2;39;120;09.04.22
484;Sabrina Carpenter;2427409809;141623493;89;0;7;38;77;25.02.22
485;Christina Perri;2427118735;87851996;90;1;3;17;56;20.02.22
486;Hillsong UNITED;2426520824;129624148;354;0;2;56;236;04.02.22
487;Stray Kids;2425652269;26562755;161;0;3;77;155;11.04.22
488;AJR;2419616080;97180270;86;0;5;39;61;24.02.22
489;Jon Bellion;2413481606;318703495;84;0;3;44;80;02.02.22
490;R.E.M.;2409236484;284511;657;0;5;20;127;21.03.22
491;Matoma;2406213160;294439049;118;0;5;32;79;16.01.22
492;Rich The Kid;2394040011;1720811383;156;0;4;41;118;21.11.21
493;Ufo361;2388012925;544661156;234;0;0;67;188;15.01.22
494;Earth. Wind & Fire;2383853016;89300089;428;1;3;20;70;16.03.22
495;Jimi Hendrix;2383848304;558708;504;0;5;29;136;23.03.22
496;La Arrolladora Banda El Limón De Rene Camacho;2377937424;8659502;323;0;3;56;219;29.03.21
497;Los Ángeles Azules;2372052568;67465206;311;0;5;53;113;19.10.21
498;Volbeat;2371741552;176473;204;0;5;50;146;02.02.22
499;Milky Chance;2369013421;6559564;74;0;4;32;69;07.03.22
500;C. Tangana;2363044873;154739971;80;0;6;45;78;03.04.22
501;Stormzy;2348844516;955819202;69;0;7;49;67;03.04.22
502;KYLE;2337472881;150489057;113;0;5;31;88;17.03.22
503;Van Morrison;2329889907;82580169;847;0;4;21;129;03.04.22
504;Years & Years;2323577791;80163208;103;0;7;30;72;28.01.22
505;Robbie Williams;2318889755;20059538;401;0;6;38;189;19.02.22
506;Cali Y El Dandee;2318006464;196117163;73;0;7;35;62;05.03.22
507;Sam Feldt;2316428982;278689842;148;0;4;44;101;22.04.21
508;The Fray;2311899224;4251361;98;0;5;22;60;24.02.22
509;El Alfa;2302041489;482098652;174;0;7;40;119;31.01.22
510;Lynyrd Skynyrd;2298163165;405716;363;0;4;16;78;08.04.22
511;Eric Clapton;2297376676;432236066;641;0;6;23;201;22.09.21
512;Rick Ross;2296030012;4384956598;334;0;4;45;190;27.12.21
513;Kid Ink;2294713265;2561501342;186;0;5;38;130;03.09.21
514;Dave;2293940303;113934353;60;0;6;48;59;07.04.22
515;DNCE;2280705753;299693378;32;1;4;18;32;10.03.22
516;Shinedown;2278456555;0;177;0;4;50;119;11.03.22
517;Dimitri Vegas & Like Mike;2269766636;105236190;252;0;2;52;135;12.08.21
518;All Time Low;2268594714;1324192;210;0;2;47;167;02.02.22
519;Dermot Kennedy;2256439059;0;71;0;4;35;60;14.01.22
520;T-Pain;2255856235;2489989607;213;0;6;28;111;30.12.21
521;Quinn XCII;2251586862;149711825;85;0;5;50;85;03.04.22
522;Daryl Hall & John Oates;2248379526;28363;534;0;4;12;59;18.03.22
523;Rage Against The Machine;2240466587;0;108;0;5;29;78;20.03.22
524;The Smiths;2238779634;0;139;0;6;44;105;10.03.22
525;Grey;2237009771;17803531;52;1;2;7;21;29.03.21
526;The Cranberries;2233333549;0;264;0;4;20;118;13.03.22
527;Of Monsters and Men;2227479760;3184766;60;0;5;30;53;15.03.22
528;The White Stripes;2227472321;0;172;1;3;23;112;08.04.22
529;Nelly Furtado;2226023162;260384916;211;0;6;14;60;10.04.22
530;MGMT;2217337837;948562022;86;0;4;20;60;28.03.22
531;B.o.B;2216408358;1126272007;417;0;6;22;79;13.10.21
532;Samra;2215292639;248937810;104;0;3;51;104;03.12.21
533;Van Halen;2212816619;24105;207;0;5;24;112;20.03.22
534;Black Sabbath;2210927460;39429;285;0;3;33;116;21.03.22
535;Jay Wheeler;2210664793;423021998;120;0;2;34;93;10.04.22
536;Aya Nakamura;2209797645;141594046;67;0;5;35;67;11.04.22
537;Hollywood Undead;2207129936;16132977;139;0;3;68;127;16.02.22
538;Rag'n'Bone Man;2206539916;73176907;132;0;3;27;77;27.12.21
539;Plan B;2187196071;479769714;112;0;7;26;67;24.02.22
540;Rod Stewart;2182635836;463377854;722;0;4;37;209;24.03.22
541;Brytiago;2179695592;1892731514;80;0;5;36;73;02.04.22
542;Sabaton;2179577108;0;290;0;1;67;162;16.03.22
543;Prince;2173931040;3278548;836;0;4;32;173;03.04.22
544;A Day To Remember;2169682450;0;134;0;3;56;124;19.01.22
545;Keith Urban;2168896929;331984245;192;0;6;36;111;27.01.22
546;Pedro Capó;2162955807;155480546;72;0;5;14;42;07.03.22
547;Red Velvet;2160611552;13091912;135;0;6;30;115;10.04.22
548;Enya;2157676586;25132121;145;0;4;55;129;10.04.22
549;TINI;2155234587;283424335;67;0;7;30;60;11.04.22
550;Kodaline;2153097303;269854537;123;0;4;31;84;14.02.22
551;Maria Becerra;2148242558;318831002;37;0;3;27;37;11.04.22
552;PnB Rock;2147508965;1743992790;114;0;5;35;87;26.03.22
553;Clairo;2141415867;693940847;25;0;7;25;25;07.04.22
554;Andy Grammer;2141212145;4624318;76;0;5;26;70;15.12.21
555;Damso;2134331477;614346511;91;0;1;73;89;09.03.22
556;Rod Wave;2133371352;57299377;112;0;3;54;110;28.03.22
557;Juan Magán;2132723236;770831049;225;0;5;40;105;19.07.21
558;ODESZA;2130566617;123721529;160;0;3;50;128;03.04.22
559;RAYE;2127403345;554374909;89;0;4;28;60;28.03.22
560;Mustard;2126748759;1862695034;75;0;4;18;54;15.03.22
561;Evanescence;2126237677;27127;110;0;3;29;91;31.03.22
562;Aretha Franklin;2125906398;8642344;932;0;4;27;133;09.04.22
563;Ludovico Einaudi;2116061503;2128695;507;0;3;38;221;29.06.21
564;Carrie Underwood;2113151398;356522108;159;0;3;36;116;05.03.22
565;Casper Magico;2112052946;169816074;94;0;5;20;68;13.01.22
566;De La Ghetto;2111451367;2229899939;155;0;5;35;93;02.02.22
567;El Fantasma;2111084372;49559351;203;0;5;52;153;04.03.22
568;Sfera Ebbasta;2107409857;972396850;81;0;1;58;80;17.01.22
569;Topic;2105970904;9678575;95;0;2;20;51;01.02.22
570;Joyner Lucas;2104734498;700864423;88;0;6;38;82;11.04.22
571;Sublime;2089096025;121741;219;0;5;27;115;01.01.22
572;George Strait;2086250690;30245826;444;0;2;44;201;03.03.22
573;Goodboys;2076198598;4410508;41;0;4;8;20;15.03.22
574;Shaggy;2076084987;458526064;412;0;5;23;95;03.01.22
575;Carlos Rivera;2072690234;503472671;205;0;5;42;143;25.03.22
576;Nas;2071833272;828777448;341;0;4;41;196;02.04.22
577;Scorpions;2061875918;0;354;0;4;19;159;03.04.22
578;GIMS;2059425846;258300714;175;0;2;45;149;02.12.21
579;Melendi;2052653246;115834448;213;0;2;51;192;15.12.21
580;Sum 41;2052154060;5834184;127;0;5;33;96;10.04.22
581;WALK THE MOON;2046847925;101590178;97;1;3;24;53;03.02.22
582;Bing Crosby;2046327740;8324686;1.277;0;7;27;74;15.03.22
583;Ozzy Osbourne;2046223075;60324633;218;0;3;22;126;01.04.22
584;Axwell /\ Ingrosso;2043412175;2161352;47;0;4;17;38;03.07.21
585;TOTO;2027598148;2940202;394;1;3;10;75;20.06.21
586;Ali Gatie;2024800965;2210144;42;0;4;19;39;15.03.22
587;Luan Santana;2023576048;235275039;201;0;3;41;155;10.04.22
588;MC Kevinho;2017633840;285797796;72;0;4;33;58;09.03.22
589;Astrid S;2016205787;120608284;103;0;5;36;79;14.03.22
590;José José;2012694054;119887461;525;0;1;48;177;07.01.22
591;Nacho;2011469241;133218579;146;0;6;24;58;11.04.22
592;Two Door Cinema Club;2011041561;1884704;140;0;4;30;89;03.04.22
593;Marilyn Manson;2006159206;51705649;227;0;4;33;175;20.02.22
594;SEVENTEEN;1997992910;0;135;0;1;69;130;11.04.22
595;Don Diablo;1994189382;100923748;238;0;1;56;125;03.11.21
596;Natanael Cano;1991265507;193699213;117;0;3;41;107;27.03.22
597;League of Legends;1991123083;1480221711;457;0;6;26;109;10.04.22
598;Ella Mai;1987800591;302745447;39;0;6;34;37;01.04.22
599;Seeb;1982875398;2958214318;110;0;5;24;59;15.03.22
600;Wale;1979397963;1403267422;335;0;4;37;152;15.03.22
601;Sido;1978652010;490506888;365;0;2;48;181;01.03.22
602;The Smashing Pumpkins;1976724675;8272897;252;0;7;23;97;12.03.22
603;Aitana;1975913405;10889372;70;0;7;31;67;11.04.22
604;Dolly Parton;1969439494;166034414;979;0;4;18;148;31.03.22
605;Afrojack;1967609231;1660093295;349;0;2;36;134;08.04.22
606;Danna Paola;1965483771;494381378;106;0;6;31;69;27.01.22
607;Louis Tomlinson;1957614665;0;42;0;4;20;29;10.04.22
608;Bibi und Tina;1951141273;22746305;3.428;0;0;1;354;09.10.21
609;Zoé;1949172154;10870475;194;0;6;43;117;05.01.22
610;Jorja Smith;1946965318;410621512;77;0;4;39;62;29.12.21
611;Tainy;1946553010;1251603662;39;0;3;13;29;01.10.21
612;Swedish House Mafia;1945912424;4805509;37;0;6;17;31;10.02.22
613;Electric Light Orchestra;1944015683;658828;311;0;3;20;128;15.03.22
614;Banda El Recodo;1942297629;1995244;608;0;2;49;190;03.03.22
615;Luciano;1942248023;346398056;148;0;0;57;118;03.12.21
616;Marco Antonio Solís;1941685957;631393495;211;0;4;40;159;08.03.22
617;Bryant Myers;1938711275;1857271122;97;0;4;44;87;14.11.21
618;Tom Odell;1936063808;42555708;125;0;3;23;72;03.04.22
619;Jaden;1934433832;1384531005;110;0;2;40;101;19.03.22
620;Arizona Zervas;1932876803;27172275;32;1;2;15;32;10.03.22
621;Colbie Caillat;1931641969;110299398;104;0;3;18;89;04.01.22
622;Portugal. The Man;1926556559;47772393;192;1;1;28;89;15.03.22
623;Rascal Flatts;1926354766;51561061;248;0;4;28;114;17.01.22
624;Mac DeMarco;1922941798;60238699;149;0;4;36;108;07.03.22
625;R. Kelly;1919567818;387404906;364;0;2;30;199;04.03.22
626;Kacey Musgraves;1919537985;129122216;126;0;3;40;93;10.04.22
627;gnash;1915854995;271054469;76;1;2;23;60;03.09.21
628;Lord Huron;1915787838;0;74;0;3;23;68;21.02.22
629;Martin Jensen;1914722449;284446578;77;0;3;21;51;14.01.22
630;Ms. Lauryn Hill;1913865460;306989233;89;0;5;26;56;08.04.22
631;Desiigner;1907206771;531800277;54;1;2;14;41;28.03.22
632;Joel Corry;1904425741;14825088;138;0;5;12;51;04.01.22
633;Hardwell;1904378051;239216545;412;0;0;45;157;04.09.21
634;Kontra K;1904257145;186214476;291;0;0;51;170;03.12.21
635;The Clash;1903714941;0;237;0;3;22;93;28.03.22
636;Annie Lennox;1901440821;9362643;322;0;3;21;83;31.03.22
637;M83;1889813177;15945776;237;0;3;21;112;22.03.22
638;Noriel;1885777977;1351914726;93;0;3;35;83;08.04.22
639;David Bisbal;1881444956;352838218;246;0;4;31;122;07.01.22
640;Mike WiLL Made-It;1878607489;300670285;141;0;5;29;69;10.01.22
641;Jessie Reyez;1868120640;484095993;61;0;3;25;54;31.03.22
642;Apache 207;1867832748;119315494;46;0;5;35;46;01.03.22
643;Westlife;1865228319;26452;231;0;3;38;146;03.04.22
644;Leon Bridges;1863905131;726770730;77;0;5;38;72;03.03.22
645;Vampire Weekend;1863899849;0;74;0;2;45;67;22.03.22
646;3 Doors Down;1855326422;587256;145;0;3;17;102;30.10.21
647;The Kooks;1853336184;0;241;0;5;28;96;03.02.22
648;DMX;1853167052;246922698;303;0;4;23;97;10.04.22
649;Elevation Worship;1853026743;18125174;254;0;2;42;182;28.03.22
650;Thirty Seconds To Mars;1852351162;46868219;84;0;4;34;75;03.04.22
651;Eladio Carrion;1852333972;233257296;139;0;4;47;128;30.03.22
652;Sara Bareilles;1846574683;74016418;187;0;5;22;108;05.11.21
653;NEFFEX;1844515118;574574;194;0;3;36;177;01.04.22
654;Cosculluela;1840429838;985988184;132;0;4;26;92;09.02.22
655;Stromae;1840011145;57961427;55;0;4;25;47;08.04.22
656;OMI;1839084521;126088476;45;1;2;7;26;28.03.22
657;MØ;1836988128;3240131189;118;0;4;31;82;02.01.22
658;Loud Luxury;1836236296;38153803;136;0;2;22;43;15.03.22
659;Alan Jackson;1834172525;75453285;274;0;2;37;156;21.11.21
660;Wham!;1833450660;829269;36;0;2;10;29;19.03.22
661;Feid;1831035911;2084138968;127;0;2;37;91;29.03.22
662;Joey Bada$$;1830254128;678683208;112;0;3;44;91;05.02.22
663;KISS;1827390409;0;436;0;4;18;138;24.11.21
664;Chief Keef;1827381564;562943815;555;0;5;24;193;29.03.22
665;Mitski;1825719799;17844850;73;0;4;42;72;11.04.22
666;Fergie;1824083843;176011407;78;0;6;10;45;15.10.21
667;Owl City;1820788847;88320464;109;0;2;26;103;15.02.22
668;Moneybagg Yo;1818492899;1024657167;252;0;0;48;187;03.02.22
669;Chencho Corleone;1818143513;903717432;20;0;6;15;19;24.03.22
670;Bethel Music;1817317476;0;285;0;0;43;240;30.09.21
671;Queens of the Stone Age;1816426350;61605797;139;0;4;42;108;08.04.22
672;Olly Murs;1815075932;27584815;179;0;4;23;112;26.02.22
673;Ha*Ash;1814961321;438924791;126;0;3;37;91;03.04.22
674;Gwen Stefani;1809551478;997025249;98;0;4;17;66;10.04.22
675;Nekfeu;1808355794;470164273;96;0;0;65;89;10.03.22
676;Stefflon Don;1792910721;311307007;82;0;6;22;61;02.02.22
677;Pharrell Williams;1784741140;5864509754;109;0;2;21;60;12.01.22
678;Snow Patrol;1783252110;0;191;0;2;22;98;12.03.22
679;Internet Money;1782822946;303493350;42;0;4;12;26;15.02.22
680;Nat King Cole;1781637457;7968288;1.06;0;3;31;116;01.04.22
681;Chelsea Cutler;1781068821;471785136;94;0;4;32;82;22.03.22
682;Louis Armstrong;1779970682;15887031;2.256;0;4;23;137;01.04.22
683;Conor Maynard;1777787665;345172688;134;0;3;37;90;14.03.22
684;Dilsinho;1777181192;355244058;163;0;5;35;131;10.03.22
685;Aloe Blacc;1775884212;229455652;208;0;4;21;64;21.11.21
686;Ciara;1771793452;464651309;155;0;4;23;88;02.04.22
687;Keane;1771563290;586266;195;0;2;24;104;12.02.22
688;Dean Martin;1771305531;10481374;695;0;4;26;123;15.03.22
689;Willy William;1764613431;325335993;81;1;3;11;27;02.12.21
690;Mötley Crüe;1758730268;0;226;0;5;24;92;26.03.22
691;Ruth B.;1758693981;4485138;48;0;4;13;32;09.04.22
692;Ella Fitzgerald;1754908032;11682691;2.016;0;2;28;170;15.03.22
693;Denzel Curry;1753094571;473144329;131;0;3;43;108;03.04.22
694;James TW;1749161120;4791069;37;0;5;19;34;07.01.22
695;Dierks Bentley;1749093368;159991408;150;0;5;25;87;17.01.22
696;Lady A;1747368203;132831554;228;0;4;26;129;28.03.22
697;Charlie Brown Jr.;1742181493;36908530;278;0;2;32;178;09.02.22
698;Sting;1741255191;248484612;483;0;3;23;199;08.04.22
699;MAX;1740761040;135760965;141;0;4;26;79;10.02.22
700;Regard;1736446486;0;37;0;4;9;24;23.01.22
701;The Jackson 5;1729731106;2315535;342;0;5;12;48;11.04.22
702;Limp Bizkit;1729420743;2809309;114;0;5;21;93;22.02.21
703;Thalia;1728798743;313525281;305;0;2;30;125;11.04.22
704;WILLOW;1728057678;249932356;76;0;3;16;69;02.04.22
705;Leona Lewis;1716925991;52026118;134;0;4;17;75;10.04.22
706;Sleeping At Last;1715283824;90559;275;0;3;37;162;30.07.21
707;Blueface;1715014251;553380455;94;0;4;27;74;20.02.22
708;Kelly Rowland;1714072094;761721964;146;0;3;15;53;30.12.21
709;La Oreja de Van Gogh;1712667458;58832697;182;0;2;39;161;08.02.22
710;ANAVITÓRIA;1711969685;233230840;72;0;3;41;69;09.04.22
711;Martin Solveig;1709991280;1344396;245;0;5;17;64;03.04.22
712;Old Dominion;1708290952;2380424;85;0;7;26;57;10.03.22
713;Dynoro;1704509405;361342;17;1;3;9;16;15.03.22
714;Booba;1704427997;632823707;240;0;0;48;194;02.01.22
715;Bill Withers;1703855893;76369166;120;0;4;10;62;22.01.22
716;Miranda Lambert;1700675664;185262557;195;0;4;30;155;11.04.22
717;Oliver Heldens;1699980311;244515307;139;0;3;36;95;15.03.22
718;John Newman;1694415482;366104452;90;0;3;14;59;28.01.22
719;Lofi Fruits Music;1690425100;110241102;1.087;0;0;15;448;06.09.21
720;Mon Laferte;1688673454;301533513;143;0;4;29;114;08.04.22
721;fun.;1686806996;191791;26;0;3;16;25;15.03.22
722;Trevor Daniel;1684760342;162409345;48;1;2;12;43;07.11.21
723;Lee Brice;1683473873;13377876;96;0;6;15;70;16.02.22
724;Santana;1682972727;3307046;614;0;4;24;127;23.11.21
725;Lalo Ebratt;1681668508;77916445;56;0;7;15;40;15.03.22
726;Ezhel;1681356925;170995928;61;0;1;47;57;17.03.22
727;Los Temerarios;1681112753;177235;322;0;0;52;131;27.03.22
728;CHVRCHES;1679143617;5309081;118;0;2;34;84;29.03.22
729;Cigarettes After Sex;1677280509;2912044;30;0;4;28;30;28.02.22
730;girl in red;1675372984;4401804;29;0;5;21;29;31.01.22
731;The Who;1671018602;0;852;0;6;14;91;11.12.21
732;Ben Howard;1669894664;643029;60;0;4;27;53;27.12.21
733;John Lennon;1669767320;5911719;286;0;3;20;78;14.02.22
734;Alice In Chains;1668293811;155547;151;0;4;33;101;14.02.22
735;Lil Dicky;1667883757;120147438;23;0;5;16;23;13.01.22
736;Calle 13;1662465310;101517310;81;0;4;32;76;17.11.21
737;Michael Silverman;1660294072;202368;934;0;0;45;224;26.02.21
738;Sade;1658413138;1370349;117;0;5;37;109;16.12.21
739;Roxette;1653401484;303155;443;0;4;19;92;27.03.22
740;Saweetie;1652524603;453650245;66;0;4;23;54;25.02.22
741;Ghostemane;1652370268;61363551;139;0;2;38;109;11.03.22
742;Luísa Sonza;1650151162;2032880;63;0;4;33;52;10.04.22
743;Daya;1650033117;2052229031;44;0;4;18;38;09.03.22
744;Surfaces;1648779396;0;68;0;1;21;64;03.04.22
745;Gera MX;1646925748;417426033;160;0;1;44;137;24.02.22
746;Miracle Tones;1644986750;0;116;0;0;69;111;31.03.22
747;Jack Ü;1644436729;946521;38;0;4;10;30;15.03.22
748;Gerardo Ortiz;1642590276;411753848;233;0;1;36;170;12.02.21
749;beabadoobee;1641802433;9891518;59;1;1;9;49;17.03.22
750;Bruno & Marrone;1641516050;214399361;412;0;1;36;193;04.12.21
751;The Pussycat Dolls;1639733506;23019662;55;0;5;15;41;12.03.22
752;Shania Twain;1638667944;177356722;167;0;4;24;99;03.04.22
753;MKTO;1635951803;12317413;29;0;1;14;28;07.03.22
754;MAGIC!;1630745946;144910604;53;0;2;12;42;15.03.22
755;Brent Faiyaz;1629252555;724500953;47;0;6;31;47;07.02.22
756;TOMORROW X TOGETHER;1627883302;0;60;0;5;41;58;07.04.22
757;Kylie Minogue;1627137071;118064277;903;0;2;35;164;08.04.22
758;Chris Young;1626882431;101066689;105;0;3;23;78;15.03.22
759;Niska;1626437153;549636654;109;0;1;44;106;02.12.21
760;Incubus;1624593194;0;229;0;3;28;128;02.09.21
761;Gryffin;1624514140;414715959;120;0;6;24;72;23.04.21
762;Mike Perry;1622103022;25772096;48;0;3;19;40;03.01.22
763;Powfu;1617907608;107941893;66;1;1;12;62;03.09.21
764;Tee Grizzley;1617436989;139751443;129;0;3;24;109;12.05.21
765;Oliver Tree;1616106883;40690022;63;0;3;29;55;08.03.22
766;Arcade Fire;1613790780;0;105;0;3;45;85;28.03.22
767;Yo Gotti;1612651009;1174641342;479;0;2;27;130;04.07.21
768;Los Tigres Del Norte;1612543190;141929772;629;0;0;34;233;06.09.21
769;Gigi D'Agostino;1607853514;811917;423;1;2;7;29;02.07.21
770;Sean Kingston;1606272045;138827630;134;0;5;16;43;02.02.22
771;Seether;1604549533;0;174;0;3;26;117;15.02.22
772;Angus & Julia Stone;1603107795;60666009;131;0;3;28;85;15.03.22
773;Taio Cruz;1599916213;24566920;92;0;4;14;41;27.12.21
774;Sin Bandera;1599004041;110277283;116;0;6;22;87;07.03.22
775;Paul Simon;1593888818;71637772;429;0;3;20;108;25.02.22
776;Bullet For My Valentine;1593844909;29755;173;0;2;41;101;10.04.22
777;Dennis Lloyd;1592538444;0;47;0;2;22;35;12.03.22
778;Nina Simone;1592276567;21733273;549;0;3;22;134;08.04.22
779;Chayanne;1592266755;116607867;235;0;4;26;93;07.01.22
780;Simple Plan;1590770094;1985975;123;0;4;29;92;08.04.22
781;Jon Pardi;1588158565;142489487;65;0;5;20;49;28.03.22
782;Kollegah;1588116587;102554181;545;0;0;38;301;07.04.22
783;Beret;1586857502;43424522;48;0;3;40;47;04.10.21
784;Frédéric Chopin;1580987576;1163362;9.79;0;0;20;229;06.08.21
785;Rich Brian;1579557494;569603914;57;0;4;36;55;11.04.22
786;Jasmine Thompson;1578078543;922355329;116;0;3;38;88;23.02.22
787;Lionel Richie;1577536553;49517630;289;0;6;17;67;10.03.22
788;Santa Fe Klan;1575586583;401537463;200;0;2;35;117;14.03.22
789;Darell;1574554327;4304120013;126;0;4;29;87;17.11.21
790;AJ Tracey;1574189249;154919341;97;0;6;27;83;03.01.22
791;Summer Cem;1573975905;304963253;196;0;2;35;118;03.12.21
792;TKKG;1573552413;0;3.611;0;0;0;22;15.03.22
793;Bea Miller;1567499277;971037218;42;0;4;23;42;02.04.22
794;Max Richter;1562420038;42077;962;0;0;20;234;28.03.22
795;Yung Gravy;1560336653;9378234;72;0;3;29;69;21.11.21
796;Greeicy;1557381949;45669026;60;0;5;29;50;31.03.22
797;Nipsey Hussle;1556614747;248342343;278;0;3;34;137;12.02.22
798;*NSYNC;1553648840;22300666;91;0;5;16;70;10.04.22
799;Gente De Zona;1552539697;1252561307;111;0;3;20;76;23.09.21
800;IU;1551689084;77710513;165;0;2;31;91;10.04.22
801;KSI;1547136241;26278426;113;0;2;38;87;02.04.22
802;Lily Allen;1546252621;332067134;115;0;4;23;78;17.03.22
803;Otis Redding;1546113623;130676074;281;0;3;19;87;15.02.22
804;Dido;1544444396;5272415;196;0;3;14;81;21.03.22
805;Die drei !!!;1543605722;23498439;2.798;0;0;0;58;09.10.21
806;Guaynaa;1541206062;88976740;60;0;5;16;39;06.11.21
807;LUDMILLA;1537759585;430517451;158;0;1;37;132;09.04.22
808;The National;1532521751;81968174;210;0;1;44;138;03.02.22
809;JID;1531738714;663633279;52;0;4;27;51;24.03.22
810;Junior H;1521935292;225505141;100;0;4;31;90;27.03.22
811;Selena;1517058313;2447052;134;0;6;23;88;31.03.22
812;Juicy J;1516124067;3596085282;438;0;2;32;104;15.03.22
813;Chase Atlantic;1514384881;8759864;71;0;3;37;69;11.02.22
814;Tina Turner;1513978176;118924044;253;0;5;16;77;08.04.22
815;Kiiara;1512596357;280284880;73;0;3;19;35;28.03.22
816;Tom Walker;1511033109;96049001;87;0;3;22;57;11.03.22
817;Beastie Boys;1508487605;673899;307;0;4;21;162;08.03.22
818;Felipe Araújo;1507060178;144991670;97;0;5;18;64;03.09.21
819;Tears For Fears;1504287492;2390954;216;0;2;11;60;14.03.22
820;Mother Mother;1500373798;81834;139;0;5;17;96;07.04.22
821;Wolfgang Amadeus Mozart;1499926731;4517918;12.276;0;0;15;216;10.12.21
822;Yusuf / Cat Stevens;1499356330;16380259;277;0;3;18;62;24.12.21
823;Brad Paisley;1497397443;65060430;233;0;1;37;130;13.02.22
824;Ice Cube;1494097969;176529482;265;0;3;20;145;28.01.21
825;Sofía Reyes;1494024710;190626412;57;0;3;19;40;07.04.22
826;Tracy Chapman;1492458440;81015248;102;0;4;14;88;27.03.22
827;Neil Young;1492248289;17581131;856;0;3;22;131;02.09.21
828;Cyndi Lauper;1490928251;6688996;219;0;3;8;33;24.03.22
829;Kevin Roldan;1489016332;399120073;126;0;2;29;89;11.06.21
830;Olivia O'Brien;1488714543;1409882112;53;0;3;21;42;07.04.22
831;Mary J. Blige;1486297443;1993446400;370;0;2;26;145;10.04.22
832;Dominic Fike;1481646219;122848899;29;0;2;20;29;09.04.22
833;Deftones;1477162208;144723;140;0;2;36;120;25.03.22
834;CRO;1475265559;154703547;147;0;1;36;118;15.01.22
835;NCT 127;1471771588;44047951;126;0;1;42;98;11.04.22
836;Oh Wonder;1469634733;648105775;70;0;5;31;61;09.04.22
837;Mr. Probz;1468101115;226905910;37;0;3;11;31;15.03.22
838;will.i.am;1464072652;1916862436;99;0;4;14;43;30.12.21
839;Ramin Djawadi;1463572669;487083;945;0;1;28;252;01.01.22
840;Lenny Kravitz;1461193821;55645523;268;0;4;20;97;17.03.22
841;Yellow Claw;1460222344;76991831;238;0;2;30;115;09.07.21
842;Lupe Fiasco;1459814615;242316306;171;0;4;20;120;25.02.22
843;Brett Young;1453837366;16061104;60;0;4;19;43;11.02.22
844;The Score;1452206125;1605667;65;0;4;27;63;10.04.22
845;Ferrugem;1451970050;261221335;150;0;1;33;111;04.12.21
846;Wallows;1450279365;2582488;50;0;4;27;44;08.04.22
847;Blur;1446872555;18482;356;0;2;19;90;25.03.22
848;Matuê;1446021815;218393746;33;0;3;27;32;03.04.22
849;Audioslave;1442387593;0;59;0;5;16;47;17.02.22
850;Río Roma;1442347614;110842320;103;0;4;31;84;03.04.22
851;KALEO;1440760955;26658;27;0;3;19;25;27.12.21
852;Cash Cash;1439917088;113946718;163;0;3;26;68;23.02.22
853;Jowell & Randy;1437376703;749282863;171;0;3;23;88;22.11.21
854;deadmau5;1435327412;29378066;287;0;1;29;181;02.03.22
855;Granular;1434614692;0;432;0;2;19;69;05.03.21
856;ZZ Top;1434520039;0;266;0;3;15;96;04.03.22
857;Pineapple StormTv;1433855785;132014674;213;0;3;26;100;17.01.22
858;Lil Kleine;1432418175;324579766;119;0;0;41;98;08.02.22
859;Will Smith;1430069964;31667017;89;0;6;15;45;08.03.22
860;Petit Biscuit;1428912933;21385724;86;0;1;23;57;24.03.22
861;Alex Rose;1427992828;417963769;61;0;3;24;56;07.07.21
862;Natiruts;1426946674;20056205;216;0;1;36;156;19.03.22
863;Skepta;1426619159;1358721431;147;0;1;36;107;02.03.22
864;Julieta Venegas;1425752323;611581642;149;0;5;16;85;07.04.22
865;DJ Luian;1425231812;1986428348;52;0;4;15;41;22.02.21
866;Giveon;1423652277;1561901475;18;0;3;18;18;27.03.22
867;Joaquín Sabina;1422454877;118190502;345;0;0;38;215;23.01.22
868;DENNIS;1419916276;117580197;305;0;4;30;120;20.06.21
869;Natalia Lafourcade;1418040225;781127916;174;0;3;28;113;11.11.21
870;Mc Don Juan;1417882287;204494755;150;0;4;34;85;25.01.22
871;Toby Keith;1414744380;20102622;302;0;4;22;89;28.03.22
872;Timbaland;1414077091;1982606596;162;0;4;14;61;01.04.22
873;Tech N9ne;1413659255;538028931;451;0;0;27;219;08.10.21
874;Gustavo Cerati;1412796197;187387067;161;0;3;34;108;29.03.22
875;Cher;1411271803;13251847;398;0;2;19;67;10.04.22
876;Dadju;1410865141;438271734;93;0;1;36;90;18.02.22
877;Mambo Kingz;1409982433;1796968260;36;0;5;11;14;26.02.21
878;Baby Lullaby Academy;1409215562;30122083;2.087;0;0;52;164;22.09.21
879;Nicki Nicole;1409152229;355380824;40;0;3;27;39;03.04.22
880;AURORA;1408851287;360467474;98;0;1;31;75;10.04.22
881;Tori Kelly;1407405192;506153877;99;0;3;25;82;31.03.22
882;BØRNS;1406826101;17219722;44;0;3;19;40;17.01.22
883;Spice Girls;1406395669;657.1;106;0;3;11;38;09.04.22
884;TLC;1403055555;219483244;173;0;3;9;50;01.04.22
885;Tungevaag;1400559149;3724601;76;0;4;26;49;13.01.22
886;Sasha Alex Sloan;1399592413;332017725;41;0;3;29;40;19.02.22
887;The Goo Goo Dolls;1396855854;279713;248;0;2;13;69;23.03.21
888;Kris Kross Amsterdam;1394452332;10578924;42;0;2;13;25;06.12.21
889;Jay Chou;1394403171;20862440;297;0;0;45;162;02.04.21
890;Pink Sweat$;1394011678;49857313;57;0;2;25;48;19.03.22
891;Vince Staples;1391883412;544239428;83;0;2;27;78;25.02.22
892;La Adictiva Banda San José de Mesillas;1390733819;37897054;118;0;4;24;61;12.12.21
893;Lykke Li;1388396018;70345110;96;0;3;26;69;08.02.22
894;Bruno Martini;1388281030;22132950;100;0;3;16;38;09.03.22
895;Alina Baraz;1387776431;27621680;76;0;3;26;67;20.01.22
896;Maggie Lindemann;1385564835;2778318;26;0;2;14;26;24.03.22
897;Jack & Jack;1383240105;44970275;43;0;2;15;41;15.03.22
898;Lauren Daigle;1382314910;135808339;67;0;1;33;64;02.02.22
899;Falling In Reverse;1378263958;0;64;0;2;36;63;05.03.22
900;Melim;1371553776;57466342;87;0;2;31;66;09.04.22
901;Dread Mar I;1370017836;33541844;159;0;2;23;125;16.03.22
902;YUNGBLUD;1367258954;366326991;77;0;2;32;60;17.10.21
903;Tyler Childers;1364738618;25911814;61;0;2;34;57;11.04.22
904;The All-American Rejects;1362771772;0;86;0;4;8;61;09.04.22
905;Evaluna Montaner;1362260325;122724529;46;0;4;6;24;31.03.22
906;Pabllo Vittar;1361368705;292571276;121;0;2;33;69;11.03.22
907;Alvaro Soler;1360944048;30727530;91;0;2;16;61;01.01.22
908;Supertramp;1360636172;34.03;119;0;4;18;84;07.04.22
909;Salmo;1359189476;566995386;149;0;1;30;93;02.02.22
910;Willie Nelson;1357834751;211167459;1.494;0;3;21;128;02.09.21
911;Bunbury;1356230450;173182634;412;0;1;23;187;23.03.22
912;Juan Luis Guerra 4.40;1355215104;686514166;197;0;1;32;111;07.01.22
913;Gavin James;1353919817;52147623;105;0;3;26;80;19.02.21
914;Beck;1350207114;87204764;292;0;1;27;140;01.04.22
915;Duke Dumont;1349058745;24095278;121;0;2;15;51;07.04.22
916;Counting Crows;1348728127;4264748;192;0;3;12;71;02.03.22
917;Emeli Sandé;1347050273;646851837;155;0;4;18;81;25.02.22
918;Icona Pop;1344938238;196870148;119;0;3;18;62;27.03.22
919;Burna Boy;1342167403;1378862686;157;0;3;35;86;09.04.22
920;MC Kevin o Chris;1342119180;323281970;183;0;4;27;97;11.03.22
921;Foreigner;1337514934;311706;294;0;4;12;58;03.04.22
922;Pixies;1336570435;172123;842;0;3;16;97;09.03.22
923;Simone & Simaria;1336133153;222160465;117;0;4;21;79;10.04.22
924;Gloria Trevi;1335906748;154025119;273;0;1;29;125;10.04.22
925;The Temptations;1334060024;65509395;716;0;3;12;55;16.03.22
926;Talking Heads;1333809154;0;184;0;3;18;104;14.03.22
927;Gotye;1333444133;9383253;46;1;1;9;24;28.03.22
928;The Head And The Heart;1332727170;0;77;0;3;21;66;18.12.21
929;Cristian Castro;1330843167;154905356;235;0;2;24;108;08.04.22
930;Jeezy;1327116650;1246803557;599;0;1;26;179;29.08.21
931;Hombres G;1326434587;60413806;275;0;3;16;113;26.03.22
932;Capo Plaza;1324581130;641932876;67;0;1;37;60;18.12.21
933;Marracash;1324081204;472296792;166;0;0;41;115;07.04.22
934;ZHU;1323872029;48629702;110;0;2;31;82;27.12.21
935;Ruel;1321436126;30494307;44;0;3;21;34;29.03.22
936;Jacquees;1320891353;270700370;118;0;2;20;98;20.02.22
937;Salaam Remi;1319591086;332136238;180;1;1;2;12;21.02.22
938;Gustavo Mioto;1317266450;68520551;89;0;4;26;65;04.12.21
939;SCH;1316421287;601521378;111;0;0;43;111;09.04.22
940;Lil Xan;1315933907;15365065;76;0;3;17;57;23.11.21
941;Diego & Victor Hugo;1312088436;14647082;119;0;5;19;79;24.01.22
942;Thiaguinho;1311765041;166121439;248;0;0;43;179;04.12.21
943;Alanis Morissette;1311751985;250483;297;0;3;18;103;10.04.22
944;Trueno;1309622974;77094057;43;0;5;21;32;01.04.22
945;Café Tacvba;1307673880;137656418;178;0;2;22;132;04.03.22
946;Canserbero;1304952895;14546833;88;0;3;33;85;01.04.22
947;Zendaya;1303626161;707868872;42;0;3;9;30;17.03.22
948;Dustin Lynch;1301729540;9586080;82;0;4;15;64;09.03.22
949;Megadeth;1300326330;0;421;0;1;20;183;20.03.22
950;Beach House;1297919931;0;106;0;1;25;95;19.03.22
951;Frenna;1296836025;333520099;146;0;0;40;110;08.03.22
952;Sam Cooke;1294399239;412275;360;0;3;12;75;01.04.22
953;MF DOOM;1294381064;91061554;423;0;0;27;164;24.03.22
954;Silk Sonic;1294272147;26970396;11;0;3;11;11;02.04.22
955;A Tribe Called Quest;1292267300;2704021;180;0;2;32;108;28.02.22
956;Pantera;1289470425;17948;169;0;3;20;90;11.04.22
957;Baby Keem;1289309023;12398272;51;0;2;24;47;07.04.22
958;Laura Pausini;1289271047;280106077;445;0;0;24;170;09.04.22
959;Missy Elliott;1288508995;1254676041;137;0;4;20;61;03.04.22
960;Brantley Gilbert;1288253176;100016251;112;0;2;30;82;03.09.21
961;Johann Sebastian Bach;1285784532;998222;13.624;0;0;13;172;10.12.21
962;Craig David;1285531665;86003396;166;0;1;21;88;05.03.22
963;Snakehips;1284895360;87512393;64;0;3;17;45;27.02.21
964;(G)I-DLE;1283249326;0;67;0;4;15;51;11.04.22
965;Eurythmics;1283233746;11691902;211;0;1;11;40;02.04.22
966;Brett Eldredge;1281453333;0;94;0;3;17;70;22.03.22
967;Grouplove;1280951574;4284177;111;0;2;15;67;27.12.21
968;Ben&Ben;1280627960;16188285;54;0;3;27;49;11.04.22
969;Aleman;1280180980;354566050;147;0;2;28;125;24.02.22
970;Andrea Bocelli;1278707389;54470325;484;0;2;25;160;27.11.21
971;Kelsea Ballerini;1277844131;586466804;75;0;1;24;59;08.04.22
972;AWOLNATION;1277027784;30808417;116;0;1;19;69;27.12.21
973;Ultimo;1273737245;74148967;69;0;0;34;62;10.04.22
974;Benjamin Blümchen;1270296618;2187805;5.668;0;0;2;41;09.10.21
975;M.I.A.;1269709772;175946622;116;0;3;11;75;29.03.22
976;RÜFÜS DU SOL;1268839482;10488101;138;0;2;29;88;08.03.22
977;Gemitaiz;1266288238;593315810;160;0;0;34;122;18.12.21
978;Gzuz;1264863622;1449473167;95;0;0;36;93;11.03.22
979;Tinie Tempah;1264492695;429042133;127;0;3;21;63;03.09.21
980;RIN;1261808825;59894250;78;0;1;31;72;20.01.22
981;Dave Matthews Band;1261101094;13501161;1.18;0;1;23;159;02.04.22
982;Death Cab for Cutie;1261046105;32185522;220;0;1;29;119;26.03.22
983;Los Enanitos Verdes;1260653189;5203278;180;0;3;17;85;02.12.21
984;Empire of the Sun;1260338910;152059781;107;0;3;11;52;12.12.21
985;Lil Jon;1259193098;1536589891;142;0;3;15;49;02.09.21
986;Leonard Cohen;1258300413;3028606;390;0;0;31;182;05.03.22
987;Official HIGE DANdism;1250056716;89753;128;0;4;21;64;17.01.22
988;Night Lovell;1246298320;56029888;69;0;2;28;69;24.03.22
989;Ashnikko;1246235045;28694348;40;0;3;20;33;03.04.22
990;Shoreline Mafia;1241175591;153028794;74;0;3;28;72;09.04.22
991;ONE OK ROCK;1240194759;2650929;116;0;0;39;107;17.01.22
992;Los Bukis;1238840274;6645445;245;0;0;43;100;24.09.21
993;The Kinks;1238279649;0;688;0;4;13;76;07.04.22
994;Foals;1238093216;1315605;164;0;2;31;77;15.12.21
995;Kina;1237030469;2962492;31;0;2;9;21;29.05.21
996;Upchurch;1233720207;136998161;225;0;0;29;177;03.03.22
997;Hungria Hip Hop;1233176813;69096039;63;0;1;37;59;04.12.21
998;Chicago;1232497152;5294;725;0;4;11;56;22.03.22
999;Riton;1231385490;21351886;118;0;3;8;24;01.03.22
1000;BIGBANG;1231303296;1123;381;0;2;23;60;09.04.22
